ensg_id,bucket,source_biotype
ensg00000100101,B_no_hgnc_anchor,
ensg00000111780,B_no_hgnc_anchor,
ensg00000124593,B_no_hgnc_anchor,
ensg00000125695,B_no_hgnc_anchor,
ensg00000131152,B_no_hgnc_anchor,
ensg00000141979,B_no_hgnc_anchor,
ensg00000142539,B_no_hgnc_anchor,
ensg00000144785,B_no_hgnc_anchor,
ensg00000159239,B_no_hgnc_anchor,
ensg00000167774,B_no_hgnc_anchor,
ensg00000173366,B_no_hgnc_anchor,
ensg00000173867,B_no_hgnc_anchor,
ensg00000187186,B_no_hgnc_anchor,
ensg00000188223,B_no_hgnc_anchor,
ensg00000196826,B_no_hgnc_anchor,
ensg00000197991,B_no_hgnc_anchor,
ensg00000198211,B_no_hgnc_anchor,
ensg00000203546,B_no_hgnc_anchor,
ensg00000204003,B_no_hgnc_anchor,
ensg00000204956,B_no_hgnc_anchor,
ensg00000205236,B_no_hgnc_anchor,
ensg00000206549,B_no_hgnc_anchor,
ensg00000213204,B_no_hgnc_anchor,
ensg00000214265,B_no_hgnc_anchor,
ensg00000215156,B_no_hgnc_anchor,
ensg00000215695,B_no_hgnc_anchor,
ensg00000228144,B_no_hgnc_anchor,
ensg00000235007,B_no_hgnc_anchor,
ensg00000236543,B_no_hgnc_anchor,
ensg00000237378,B_no_hgnc_anchor,
ensg00000239395,B_no_hgnc_anchor,
ensg00000239920,B_no_hgnc_anchor,
ensg00000241489,B_no_hgnc_anchor,
ensg00000241690,B_no_hgnc_anchor,
ensg00000241962,B_no_hgnc_anchor,
ensg00000243501,B_no_hgnc_anchor,
ensg00000243696,B_no_hgnc_anchor,
ensg00000244255,B_no_hgnc_anchor,
ensg00000248235,B_no_hgnc_anchor,
ensg00000248751,B_no_hgnc_anchor,
ensg00000248993,B_no_hgnc_anchor,
ensg00000249141,B_no_hgnc_anchor,
ensg00000249209,B_no_hgnc_anchor,
ensg00000249240,B_no_hgnc_anchor,
ensg00000249319,B_no_hgnc_anchor,
ensg00000249590,B_no_hgnc_anchor,
ensg00000249624,B_no_hgnc_anchor,
ensg00000249773,B_no_hgnc_anchor,
ensg00000249967,B_no_hgnc_anchor,
ensg00000250264,B_no_hgnc_anchor,
ensg00000250349,B_no_hgnc_anchor,
ensg00000250424,B_no_hgnc_anchor,
ensg00000250644,B_no_hgnc_anchor,
ensg00000251012,B_no_hgnc_anchor,
ensg00000251184,B_no_hgnc_anchor,
ensg00000251246,B_no_hgnc_anchor,
ensg00000251357,B_no_hgnc_anchor,
ensg00000251537,B_no_hgnc_anchor,
ensg00000251569,B_no_hgnc_anchor,
ensg00000253305,B_no_hgnc_anchor,
ensg00000253485,B_no_hgnc_anchor,
ensg00000253537,B_no_hgnc_anchor,
ensg00000253731,B_no_hgnc_anchor,
ensg00000253910,B_no_hgnc_anchor,
ensg00000253953,B_no_hgnc_anchor,
ensg00000254536,B_no_hgnc_anchor,
ensg00000254553,B_no_hgnc_anchor,
ensg00000254673,B_no_hgnc_anchor,
ensg00000254692,B_no_hgnc_anchor,
ensg00000254706,B_no_hgnc_anchor,
ensg00000254732,B_no_hgnc_anchor,
ensg00000254979,B_no_hgnc_anchor,
ensg00000255292,B_no_hgnc_anchor,
ensg00000255330,B_no_hgnc_anchor,
ensg00000255339,B_no_hgnc_anchor,
ensg00000255432,B_no_hgnc_anchor,
ensg00000255439,B_no_hgnc_anchor,
ensg00000255508,B_no_hgnc_anchor,
ensg00000255639,B_no_hgnc_anchor,
ensg00000255641,B_no_hgnc_anchor,
ensg00000255663,B_no_hgnc_anchor,
ensg00000255730,B_no_hgnc_anchor,
ensg00000255835,B_no_hgnc_anchor,
ensg00000255872,B_no_hgnc_anchor,
ensg00000256029,B_no_hgnc_anchor,
ensg00000256206,B_no_hgnc_anchor,
ensg00000256349,B_no_hgnc_anchor,
ensg00000256407,B_no_hgnc_anchor,
ensg00000256500,B_no_hgnc_anchor,
ensg00000256514,B_no_hgnc_anchor,
ensg00000256566,B_no_hgnc_anchor,
ensg00000256591,B_no_hgnc_anchor,
ensg00000256646,B_no_hgnc_anchor,
ensg00000256825,B_no_hgnc_anchor,
ensg00000256861,B_no_hgnc_anchor,
ensg00000256950,B_no_hgnc_anchor,
ensg00000256966,B_no_hgnc_anchor,
ensg00000257062,B_no_hgnc_anchor,
ensg00000257065,B_no_hgnc_anchor,
ensg00000257207,B_no_hgnc_anchor,
ensg00000257341,B_no_hgnc_anchor,
ensg00000257390,B_no_hgnc_anchor,
ensg00000257411,B_no_hgnc_anchor,
ensg00000257520,B_no_hgnc_anchor,
ensg00000257524,B_no_hgnc_anchor,
ensg00000257767,B_no_hgnc_anchor,
ensg00000257921,B_no_hgnc_anchor,
ensg00000258052,B_no_hgnc_anchor,
ensg00000258311,B_no_hgnc_anchor,
ensg00000258417,B_no_hgnc_anchor,
ensg00000258461,B_no_hgnc_anchor,
ensg00000258465,B_no_hgnc_anchor,
ensg00000258466,B_no_hgnc_anchor,
ensg00000258472,B_no_hgnc_anchor,
ensg00000258529,B_no_hgnc_anchor,
ensg00000258539,B_no_hgnc_anchor,
ensg00000258653,B_no_hgnc_anchor,
ensg00000258674,B_no_hgnc_anchor,
ensg00000258677,B_no_hgnc_anchor,
ensg00000258691,B_no_hgnc_anchor,
ensg00000258724,B_no_hgnc_anchor,
ensg00000258728,B_no_hgnc_anchor,
ensg00000258790,B_no_hgnc_anchor,
ensg00000258830,B_no_hgnc_anchor,
ensg00000258864,B_no_hgnc_anchor,
ensg00000258881,B_no_hgnc_anchor,
ensg00000258989,B_no_hgnc_anchor,
ensg00000259060,B_no_hgnc_anchor,
ensg00000259066,B_no_hgnc_anchor,
ensg00000259132,B_no_hgnc_anchor,
ensg00000259164,B_no_hgnc_anchor,
ensg00000259171,B_no_hgnc_anchor,
ensg00000259316,B_no_hgnc_anchor,
ensg00000259371,B_no_hgnc_anchor,
ensg00000259522,B_no_hgnc_anchor,
ensg00000259529,B_no_hgnc_anchor,
ensg00000259753,B_no_hgnc_anchor,
ensg00000259784,B_no_hgnc_anchor,
ensg00000259900,B_no_hgnc_anchor,
ensg00000260007,B_no_hgnc_anchor,
ensg00000260092,B_no_hgnc_anchor,
ensg00000260170,B_no_hgnc_anchor,
ensg00000260234,B_no_hgnc_anchor,
ensg00000260272,B_no_hgnc_anchor,
ensg00000260342,B_no_hgnc_anchor,
ensg00000260371,B_no_hgnc_anchor,
ensg00000260537,B_no_hgnc_anchor,
ensg00000260643,B_no_hgnc_anchor,
ensg00000260729,B_no_hgnc_anchor,
ensg00000260836,B_no_hgnc_anchor,
ensg00000260851,B_no_hgnc_anchor,
ensg00000260861,B_no_hgnc_anchor,
ensg00000260914,B_no_hgnc_anchor,
ensg00000261130,B_no_hgnc_anchor,
ensg00000261147,B_no_hgnc_anchor,
ensg00000261582,B_no_hgnc_anchor,
ensg00000261611,B_no_hgnc_anchor,
ensg00000261717,B_no_hgnc_anchor,
ensg00000261732,B_no_hgnc_anchor,
ensg00000261793,B_no_hgnc_anchor,
ensg00000261832,B_no_hgnc_anchor,
ensg00000261884,B_no_hgnc_anchor,
ensg00000261915,B_no_hgnc_anchor,
ensg00000261934,B_no_hgnc_anchor,
ensg00000262209,B_no_hgnc_anchor,
ensg00000262302,B_no_hgnc_anchor,
ensg00000262304,B_no_hgnc_anchor,
ensg00000262526,B_no_hgnc_anchor,
ensg00000262560,B_no_hgnc_anchor,
ensg00000262576,B_no_hgnc_anchor,
ensg00000262633,B_no_hgnc_anchor,
ensg00000262660,B_no_hgnc_anchor,
ensg00000263020,B_no_hgnc_anchor,
ensg00000263620,B_no_hgnc_anchor,
ensg00000263809,B_no_hgnc_anchor,
ensg00000264058,B_no_hgnc_anchor,
ensg00000264187,B_no_hgnc_anchor,
ensg00000264324,B_no_hgnc_anchor,
ensg00000264668,B_no_hgnc_anchor,
ensg00000264813,B_no_hgnc_anchor,
ensg00000265118,B_no_hgnc_anchor,
ensg00000265303,B_no_hgnc_anchor,
ensg00000266076,B_no_hgnc_anchor,
ensg00000266086,B_no_hgnc_anchor,
ensg00000266202,B_no_hgnc_anchor,
ensg00000266302,B_no_hgnc_anchor,
ensg00000266728,B_no_hgnc_anchor,
ensg00000266953,B_no_hgnc_anchor,
ensg00000266997,B_no_hgnc_anchor,
ensg00000267001,B_no_hgnc_anchor,
ensg00000267022,B_no_hgnc_anchor,
ensg00000267059,B_no_hgnc_anchor,
ensg00000267110,B_no_hgnc_anchor,
ensg00000267127,B_no_hgnc_anchor,
ensg00000267140,B_no_hgnc_anchor,
ensg00000267157,B_no_hgnc_anchor,
ensg00000267168,B_no_hgnc_anchor,
ensg00000267173,B_no_hgnc_anchor,
ensg00000267179,B_no_hgnc_anchor,
ensg00000267228,B_no_hgnc_anchor,
ensg00000267261,B_no_hgnc_anchor,
ensg00000267303,B_no_hgnc_anchor,
ensg00000267314,B_no_hgnc_anchor,
ensg00000267318,B_no_hgnc_anchor,
ensg00000267335,B_no_hgnc_anchor,
ensg00000267360,B_no_hgnc_anchor,
ensg00000267426,B_no_hgnc_anchor,
ensg00000267477,B_no_hgnc_anchor,
ensg00000267552,B_no_hgnc_anchor,
ensg00000267561,B_no_hgnc_anchor,
ensg00000267618,B_no_hgnc_anchor,
ensg00000267699,B_no_hgnc_anchor,
ensg00000267706,B_no_hgnc_anchor,
ensg00000267740,B_no_hgnc_anchor,
ensg00000267748,B_no_hgnc_anchor,
ensg00000267881,B_no_hgnc_anchor,
ensg00000267952,B_no_hgnc_anchor,
ensg00000268083,B_no_hgnc_anchor,
ensg00000268107,B_no_hgnc_anchor,
ensg00000268133,B_no_hgnc_anchor,
ensg00000268163,B_no_hgnc_anchor,
ensg00000268173,B_no_hgnc_anchor,
ensg00000268193,B_no_hgnc_anchor,
ensg00000268361,B_no_hgnc_anchor,
ensg00000268434,B_no_hgnc_anchor,
ensg00000268465,B_no_hgnc_anchor,
ensg00000268500,B_no_hgnc_anchor,
ensg00000268533,B_no_hgnc_anchor,
ensg00000268643,B_no_hgnc_anchor,
ensg00000268674,B_no_hgnc_anchor,
ensg00000268750,B_no_hgnc_anchor,
ensg00000268790,B_no_hgnc_anchor,
ensg00000268797,B_no_hgnc_anchor,
ensg00000268870,B_no_hgnc_anchor,
ensg00000269026,B_no_hgnc_anchor,
ensg00000269035,B_no_hgnc_anchor,
ensg00000269095,B_no_hgnc_anchor,
ensg00000269179,B_no_hgnc_anchor,
ensg00000269237,B_no_hgnc_anchor,
ensg00000269307,B_no_hgnc_anchor,
ensg00000269469,B_no_hgnc_anchor,
ensg00000269476,B_no_hgnc_anchor,
ensg00000269533,B_no_hgnc_anchor,
ensg00000269547,B_no_hgnc_anchor,
ensg00000269590,B_no_hgnc_anchor,
ensg00000269693,B_no_hgnc_anchor,
ensg00000269711,B_no_hgnc_anchor,
ensg00000269755,B_no_hgnc_anchor,
ensg00000269825,B_no_hgnc_anchor,
ensg00000270149,B_no_hgnc_anchor,
ensg00000270249,B_no_hgnc_anchor,
ensg00000270299,B_no_hgnc_anchor,
ensg00000271254,B_no_hgnc_anchor,
ensg00000271741,B_no_hgnc_anchor,
ensg00000271793,B_no_hgnc_anchor,
ensg00000271810,B_no_hgnc_anchor,
ensg00000271949,B_no_hgnc_anchor,
ensg00000272104,B_no_hgnc_anchor,
ensg00000272162,B_no_hgnc_anchor,
ensg00000272297,B_no_hgnc_anchor,
ensg00000272305,B_no_hgnc_anchor,
ensg00000272410,B_no_hgnc_anchor,
ensg00000272442,B_no_hgnc_anchor,
ensg00000272617,B_no_hgnc_anchor,
ensg00000272647,B_no_hgnc_anchor,
ensg00000272741,B_no_hgnc_anchor,
ensg00000272772,B_no_hgnc_anchor,
ensg00000272822,B_no_hgnc_anchor,
ensg00000272896,B_no_hgnc_anchor,
ensg00000272897,B_no_hgnc_anchor,
ensg00000272916,B_no_hgnc_anchor,
ensg00000272921,B_no_hgnc_anchor,
ensg00000272980,B_no_hgnc_anchor,
ensg00000273025,B_no_hgnc_anchor,
ensg00000273047,B_no_hgnc_anchor,
ensg00000273049,B_no_hgnc_anchor,
ensg00000273088,B_no_hgnc_anchor,
ensg00000273154,B_no_hgnc_anchor,
ensg00000273155,B_no_hgnc_anchor,
ensg00000273167,B_no_hgnc_anchor,
ensg00000273171,B_no_hgnc_anchor,
ensg00000273217,B_no_hgnc_anchor,
ensg00000273259,B_no_hgnc_anchor,
ensg00000273269,B_no_hgnc_anchor,
ensg00000273291,B_no_hgnc_anchor,
ensg00000273345,B_no_hgnc_anchor,
ensg00000273398,B_no_hgnc_anchor,
ensg00000273554,B_no_hgnc_anchor,
ensg00000273734,B_no_hgnc_anchor,
ensg00000273748,B_no_hgnc_anchor,
ensg00000274175,B_no_hgnc_anchor,
ensg00000274322,B_no_hgnc_anchor,
ensg00000274792,B_no_hgnc_anchor,
ensg00000274944,B_no_hgnc_anchor,
ensg00000275063,B_no_hgnc_anchor,
ensg00000275163,B_no_hgnc_anchor,
ensg00000275249,B_no_hgnc_anchor,
ensg00000275674,B_no_hgnc_anchor,
ensg00000275778,B_no_hgnc_anchor,
ensg00000275869,B_no_hgnc_anchor,
ensg00000276017,B_no_hgnc_anchor,
ensg00000276087,B_no_hgnc_anchor,
ensg00000276256,B_no_hgnc_anchor,
ensg00000276302,B_no_hgnc_anchor,
ensg00000276345,B_no_hgnc_anchor,
ensg00000276418,B_no_hgnc_anchor,
ensg00000276490,B_no_hgnc_anchor,
ensg00000276547,B_no_hgnc_anchor,
ensg00000276760,B_no_hgnc_anchor,
ensg00000277196,B_no_hgnc_anchor,
ensg00000277400,B_no_hgnc_anchor,
ensg00000277475,B_no_hgnc_anchor,
ensg00000277611,B_no_hgnc_anchor,
ensg00000277630,B_no_hgnc_anchor,
ensg00000277836,B_no_hgnc_anchor,
ensg00000277856,B_no_hgnc_anchor,
ensg00000277971,B_no_hgnc_anchor,
ensg00000278384,B_no_hgnc_anchor,
ensg00000278633,B_no_hgnc_anchor,
ensg00000278646,B_no_hgnc_anchor,
ensg00000278704,B_no_hgnc_anchor,
ensg00000278817,B_no_hgnc_anchor,
ensg00000279073,B_no_hgnc_anchor,
ensg00000279686,B_no_hgnc_anchor,
ensg00000279956,B_no_hgnc_anchor,
ensg00000279983,B_no_hgnc_anchor,
ensg00000280148,B_no_hgnc_anchor,
ensg00000280537,B_no_hgnc_anchor,
ensg00000280571,B_no_hgnc_anchor,
ensg00000280709,B_no_hgnc_anchor,
ensg00000280778,B_no_hgnc_anchor,
ensg00000280893,B_no_hgnc_anchor,
ensg00000281039,B_no_hgnc_anchor,
ensg00000281348,B_no_hgnc_anchor,
ensg00000281593,B_no_hgnc_anchor,
ensg00000281613,B_no_hgnc_anchor,
ensg00000281883,B_no_hgnc_anchor,
ensg00000281938,B_no_hgnc_anchor,
ensg00000282034,B_no_hgnc_anchor,
ensg00000282218,B_no_hgnc_anchor,
ensg00000282278,B_no_hgnc_anchor,
ensg00000282804,B_no_hgnc_anchor,
ensg00000282936,B_no_hgnc_anchor,
ensg00000282988,B_no_hgnc_anchor,
ensg00000283128,B_no_hgnc_anchor,
ensg00000283149,B_no_hgnc_anchor,
ensg00000283189,B_no_hgnc_anchor,
ensg00000283201,B_no_hgnc_anchor,
ensg00000283205,B_no_hgnc_anchor,
ensg00000283208,B_no_hgnc_anchor,
ensg00000283228,B_no_hgnc_anchor,
ensg00000283239,B_no_hgnc_anchor,
ensg00000283321,B_no_hgnc_anchor,
ensg00000283515,B_no_hgnc_anchor,
ensg00000283536,B_no_hgnc_anchor,
ensg00000283563,B_no_hgnc_anchor,
ensg00000283580,B_no_hgnc_anchor,
ensg00000283663,B_no_hgnc_anchor,
ensg00000283761,B_no_hgnc_anchor,
ensg00000283765,B_no_hgnc_anchor,
ensg00000283782,B_no_hgnc_anchor,
ensg00000283809,B_no_hgnc_anchor,
ensg00000283952,B_no_hgnc_anchor,
ensg00000284057,B_no_hgnc_anchor,
ensg00000284292,B_no_hgnc_anchor,
ensg00000284337,B_no_hgnc_anchor,
ensg00000284341,B_no_hgnc_anchor,
ensg00000284431,B_no_hgnc_anchor,
ensg00000284461,B_no_hgnc_anchor,
ensg00000284512,B_no_hgnc_anchor,
ensg00000284526,B_no_hgnc_anchor,
ensg00000284554,B_no_hgnc_anchor,
ensg00000284626,B_no_hgnc_anchor,
ensg00000284684,B_no_hgnc_anchor,
ensg00000284686,B_no_hgnc_anchor,
ensg00000284691,B_no_hgnc_anchor,
ensg00000284695,B_no_hgnc_anchor,
ensg00000284732,B_no_hgnc_anchor,
ensg00000284762,B_no_hgnc_anchor,
ensg00000284772,B_no_hgnc_anchor,
ensg00000284773,B_no_hgnc_anchor,
ensg00000284776,B_no_hgnc_anchor,
ensg00000284779,B_no_hgnc_anchor,
ensg00000284820,B_no_hgnc_anchor,
ensg00000284874,B_no_hgnc_anchor,
ensg00000284895,B_no_hgnc_anchor,
ensg00000284906,B_no_hgnc_anchor,
ensg00000284931,B_no_hgnc_anchor,
ensg00000284934,B_no_hgnc_anchor,
ensg00000284946,B_no_hgnc_anchor,
ensg00000284952,B_no_hgnc_anchor,
ensg00000284956,B_no_hgnc_anchor,
ensg00000284969,B_no_hgnc_anchor,
ensg00000284976,B_no_hgnc_anchor,
ensg00000284987,B_no_hgnc_anchor,
ensg00000284989,B_no_hgnc_anchor,
ensg00000285000,B_no_hgnc_anchor,
ensg00000285025,B_no_hgnc_anchor,
ensg00000285043,B_no_hgnc_anchor,
ensg00000285053,B_no_hgnc_anchor,
ensg00000285082,B_no_hgnc_anchor,
ensg00000285085,B_no_hgnc_anchor,
ensg00000285130,B_no_hgnc_anchor,
ensg00000285133,B_no_hgnc_anchor,
ensg00000285188,B_no_hgnc_anchor,
ensg00000285218,B_no_hgnc_anchor,
ensg00000285238,B_no_hgnc_anchor,
ensg00000285245,B_no_hgnc_anchor,
ensg00000285253,B_no_hgnc_anchor,
ensg00000285269,B_no_hgnc_anchor,
ensg00000285283,B_no_hgnc_anchor,
ensg00000285304,B_no_hgnc_anchor,
ensg00000285329,B_no_hgnc_anchor,
ensg00000285330,B_no_hgnc_anchor,
ensg00000285382,B_no_hgnc_anchor,
ensg00000285404,B_no_hgnc_anchor,
ensg00000285437,B_no_hgnc_anchor,
ensg00000285444,B_no_hgnc_anchor,
ensg00000285446,B_no_hgnc_anchor,
ensg00000285458,B_no_hgnc_anchor,
ensg00000285471,B_no_hgnc_anchor,
ensg00000285505,B_no_hgnc_anchor,
ensg00000285508,B_no_hgnc_anchor,
ensg00000285526,B_no_hgnc_anchor,
ensg00000285528,B_no_hgnc_anchor,
ensg00000285542,B_no_hgnc_anchor,
ensg00000285547,B_no_hgnc_anchor,
ensg00000285566,B_no_hgnc_anchor,
ensg00000285585,B_no_hgnc_anchor,
ensg00000285589,B_no_hgnc_anchor,
ensg00000285602,B_no_hgnc_anchor,
ensg00000285625,B_no_hgnc_anchor,
ensg00000285629,B_no_hgnc_anchor,
ensg00000285635,B_no_hgnc_anchor,
ensg00000285641,B_no_hgnc_anchor,
ensg00000285645,B_no_hgnc_anchor,
ensg00000285655,B_no_hgnc_anchor,
ensg00000285708,B_no_hgnc_anchor,
ensg00000285713,B_no_hgnc_anchor,
ensg00000285723,B_no_hgnc_anchor,
ensg00000285733,B_no_hgnc_anchor,
ensg00000285749,B_no_hgnc_anchor,
ensg00000285772,B_no_hgnc_anchor,
ensg00000285777,B_no_hgnc_anchor,
ensg00000285779,B_no_hgnc_anchor,
ensg00000285791,B_no_hgnc_anchor,
ensg00000285816,B_no_hgnc_anchor,
ensg00000285827,B_no_hgnc_anchor,
ensg00000285837,B_no_hgnc_anchor,
ensg00000285839,B_no_hgnc_anchor,
ensg00000285854,B_no_hgnc_anchor,
ensg00000285868,B_no_hgnc_anchor,
ensg00000285880,B_no_hgnc_anchor,
ensg00000285897,B_no_hgnc_anchor,
ensg00000285901,B_no_hgnc_anchor,
ensg00000285920,B_no_hgnc_anchor,
ensg00000285932,B_no_hgnc_anchor,
ensg00000285942,B_no_hgnc_anchor,
ensg00000285947,B_no_hgnc_anchor,
ensg00000285953,B_no_hgnc_anchor,
ensg00000285976,B_no_hgnc_anchor,
ensg00000285978,B_no_hgnc_anchor,
ensg00000285982,B_no_hgnc_anchor,
ensg00000285991,B_no_hgnc_anchor,
ensg00000286001,B_no_hgnc_anchor,
ensg00000286015,B_no_hgnc_anchor,
ensg00000286022,B_no_hgnc_anchor,
ensg00000286070,B_no_hgnc_anchor,
ensg00000286088,B_no_hgnc_anchor,
ensg00000286098,B_no_hgnc_anchor,
ensg00000286112,B_no_hgnc_anchor,
ensg00000286131,B_no_hgnc_anchor,
ensg00000286132,B_no_hgnc_anchor,
ensg00000286143,B_no_hgnc_anchor,
ensg00000286165,B_no_hgnc_anchor,
ensg00000286185,B_no_hgnc_anchor,
ensg00000286192,B_no_hgnc_anchor,
ensg00000286221,B_no_hgnc_anchor,
ensg00000286224,B_no_hgnc_anchor,
ensg00000286235,B_no_hgnc_anchor,
ensg00000286239,B_no_hgnc_anchor,
ensg00000286264,B_no_hgnc_anchor,
ensg00000286268,B_no_hgnc_anchor,
ensg00000286905,B_no_hgnc_anchor,
ensg00000287542,B_no_hgnc_anchor,
ensg00000287585,B_no_hgnc_anchor,
ensg00000287694,B_no_hgnc_anchor,
ensg00000287725,B_no_hgnc_anchor,
ensg00000287839,B_no_hgnc_anchor,
ensg00000287856,B_no_hgnc_anchor,
ensg00000287908,B_no_hgnc_anchor,
ensg00000288000,B_no_hgnc_anchor,
ensg00000288053,B_no_hgnc_anchor,
ensg00000288208,B_no_hgnc_anchor,
ensg00000288520,B_no_hgnc_anchor,
ensg00000288529,B_no_hgnc_anchor,
ensg00000288534,B_no_hgnc_anchor,
ensg00000288550,B_no_hgnc_anchor,
ensg00000288564,B_no_hgnc_anchor,
ensg00000288570,B_no_hgnc_anchor,
ensg00000288591,B_no_hgnc_anchor,
ensg00000288593,B_no_hgnc_anchor,
ensg00000288608,B_no_hgnc_anchor,
ensg00000288614,B_no_hgnc_anchor,
ensg00000288623,B_no_hgnc_anchor,
ensg00000288625,B_no_hgnc_anchor,
ensg00000288626,B_no_hgnc_anchor,
ensg00000288629,B_no_hgnc_anchor,
ensg00000288634,B_no_hgnc_anchor,
ensg00000288635,B_no_hgnc_anchor,
ensg00000288636,B_no_hgnc_anchor,
ensg00000288637,B_no_hgnc_anchor,
ensg00000288640,B_no_hgnc_anchor,
ensg00000288643,B_no_hgnc_anchor,
ensg00000288644,B_no_hgnc_anchor,
ensg00000288645,B_no_hgnc_anchor,
ensg00000288646,B_no_hgnc_anchor,
ensg00000288654,B_no_hgnc_anchor,
ensg00000288661,B_no_hgnc_anchor,
ensg00000288671,B_no_hgnc_anchor,
ensg00000288674,B_no_hgnc_anchor,
ensg00000288678,B_no_hgnc_anchor,
ensg00000288681,B_no_hgnc_anchor,
ensg00000288683,B_no_hgnc_anchor,
ensg00000288684,B_no_hgnc_anchor,
ensg00000288695,B_no_hgnc_anchor,
ensg00000288698,B_no_hgnc_anchor,
ensg00000288699,B_no_hgnc_anchor,
ensg00000288706,B_no_hgnc_anchor,
ensg00000288708,B_no_hgnc_anchor,
ensg00000288710,B_no_hgnc_anchor,
ensg00000288711,B_no_hgnc_anchor,
ensg00000288712,B_no_hgnc_anchor,
ensg00000288715,B_no_hgnc_anchor,
ensg00000288716,B_no_hgnc_anchor,
ensg00000288721,B_no_hgnc_anchor,
ensg00000288725,B_no_hgnc_anchor,
ensg00000288796,B_no_hgnc_anchor,
ensg00000288841,B_no_hgnc_anchor,
ensg00000288914,B_no_hgnc_anchor,
ensg00000289025,B_no_hgnc_anchor,
ensg00000289027,B_no_hgnc_anchor,
ensg00000289258,B_no_hgnc_anchor,
ensg00000289281,B_no_hgnc_anchor,
ensg00000289282,B_no_hgnc_anchor,
ensg00000289325,B_no_hgnc_anchor,
ensg00000289346,B_no_hgnc_anchor,
ensg00000289360,B_no_hgnc_anchor,
ensg00000289490,B_no_hgnc_anchor,
ensg00000289491,B_no_hgnc_anchor,
ensg00000289653,B_no_hgnc_anchor,
ensg00000289690,B_no_hgnc_anchor,
ensg00000289692,B_no_hgnc_anchor,
ensg00000289694,B_no_hgnc_anchor,
ensg00000289697,B_no_hgnc_anchor,
ensg00000289700,B_no_hgnc_anchor,
ensg00000289710,B_no_hgnc_anchor,
ensg00000289715,B_no_hgnc_anchor,
ensg00000289724,B_no_hgnc_anchor,
ensg00000289746,B_no_hgnc_anchor,
ensg00000289747,B_no_hgnc_anchor,
ensg00000289760,B_no_hgnc_anchor,
ensg00000289761,B_no_hgnc_anchor,
ensg00000289763,B_no_hgnc_anchor,
ensg00000289764,B_no_hgnc_anchor,
ensg00000289766,B_no_hgnc_anchor,
ensg00000289767,B_no_hgnc_anchor,
ensg00000289768,B_no_hgnc_anchor,
ensg00000289791,B_no_hgnc_anchor,
ensg00000289809,B_no_hgnc_anchor,
ensg00000290149,B_no_hgnc_anchor,
ensg00000290184,B_no_hgnc_anchor,
ensg00000290203,B_no_hgnc_anchor,
ensg00000290217,B_no_hgnc_anchor,
ensg00000290315,B_no_hgnc_anchor,
ensg00000290316,B_no_hgnc_anchor,
ensg00000290317,B_no_hgnc_anchor,
ensg00000290318,B_no_hgnc_anchor,
ensg00000291239,B_no_hgnc_anchor,
ensg00000291302,B_no_hgnc_anchor,
ensg00000291303,B_no_hgnc_anchor,
ensg00000291312,B_no_hgnc_anchor,
ensg00000291313,B_no_hgnc_anchor,
ensg00000291314,B_no_hgnc_anchor,
ensg00000291315,B_no_hgnc_anchor,
