gsm,reason
gsm276017,null_cvcl
gsm587208,null_cvcl
gsm749884,null_cvcl
gsm587201,null_cvcl
gsm749876,null_cvcl
gsm357895,null_cvcl
gsm587209,null_cvcl
gsm587215,null_cvcl
gsm1374745,null_cvcl
gsm749881,null_cvcl
gsm198779,null_cvcl
gsm198780,null_cvcl
gsm198769,null_cvcl
gsm587211,null_cvcl
gsm1374944,null_cvcl
gsm276025,null_cvcl
gsm198774,null_cvcl
gsm587202,null_cvcl
gsm357906,null_cvcl
gsm385020,null_cvcl
gsm587196,null_cvcl
gsm749874,null_cvcl
gsm749879,null_cvcl
gsm843503,null_cvcl
gsm276000,null_cvcl
gsm749878,null_cvcl
gsm1230038,null_cvcl
gsm1230040,null_cvcl
gsm587187,null_cvcl
gsm169526,null_cvcl
gsm1230037,null_cvcl
gsm1374867,null_cvcl
gsm587190,null_cvcl
gsm198778,null_cvcl
gsm587198,null_cvcl
gsm1374617,null_cvcl
gsm198773,null_cvcl
gsm587207,null_cvcl
gsm749872,null_cvcl
gsm1374945,null_cvcl
gsm1230043,null_cvcl
gsm276002,null_cvcl
gsm198775,null_cvcl
gsm1374946,null_cvcl
gsm198772,null_cvcl
gsm587214,null_cvcl
gsm587217,null_cvcl
gsm587195,null_cvcl
gsm385019,null_cvcl
gsm1374646,null_cvcl
gsm587206,null_cvcl
gsm749873,null_cvcl
gsm357898,null_cvcl
gsm1374624,null_cvcl
gsm749882,null_cvcl
gsm1230041,null_cvcl
gsm357904,null_cvcl
gsm1230039,null_cvcl
gsm1374625,null_cvcl
gsm198767,null_cvcl
gsm587204,null_cvcl
gsm587200,null_cvcl
gsm170592,null_cvcl
gsm385012,null_cvcl
gsm587213,null_cvcl
gsm276014,null_cvcl
gsm749875,null_cvcl
gsm357907,null_cvcl
gsm276015,null_cvcl
gsm749871,null_cvcl
gsm843504,null_cvcl
gsm357909,null_cvcl
gsm198770,null_cvcl
gsm1374749,null_cvcl
gsm1374942,null_cvcl
gsm357908,null_cvcl
gsm275990,null_cvcl
gsm198777,null_cvcl
gsm357896,null_cvcl
gsm1374614,null_cvcl
gsm1374442,null_cvcl
gsm587203,null_cvcl
gsm749877,null_cvcl
gsm587212,null_cvcl
gsm749883,null_cvcl
gsm198771,null_cvcl
gsm587216,null_cvcl
gsm198768,null_cvcl
gsm1374419,null_cvcl
gsm198781,null_cvcl
gsm844588,null_cvcl
gsm357897,null_cvcl
gsm357905,null_cvcl
gsm169524,null_cvcl
gsm587205,null_cvcl
gsm198776,null_cvcl
gsm357893,null_cvcl
gsm749880,null_cvcl
gsm1230042,null_cvcl
gsm276016,null_cvcl
gsm357894,null_cvcl
gsm587199,null_cvcl
gsm587197,null_cvcl
gsm276001,null_cvcl
gsm1230044,null_cvcl
gsm587210,null_cvcl
gsm1374943,null_cvcl
gsm749885,null_cvcl
gsm1044981,cvcl_7082_unverified
gsm1589682,cvcl_7082_unverified
gsm1589026,cvcl_7082_unverified
gsm1177891,cvcl_7082_unverified
gsm711723,cvcl_7082_unverified
gsm960291,cvcl_7082_unverified
gsm320219,cvcl_7082_unverified
gsm1589634,cvcl_7082_unverified
gsm1035341,cvcl_7082_unverified
gsm1588982,cvcl_7082_unverified
gsm1177906,cvcl_7082_unverified
gsm2322617,cvcl_7082_unverified
gsm960284,cvcl_7082_unverified
gsm1589646,cvcl_7082_unverified
gsm1589745,cvcl_7082_unverified
gsm1589010,cvcl_7082_unverified
gsm1589689,cvcl_7082_unverified
gsm1589650,cvcl_7082_unverified
gsm1589033,cvcl_7082_unverified
gsm960277,cvcl_7082_unverified
gsm320221,cvcl_7082_unverified
gsm206506,cvcl_7082_unverified
gsm1589734,cvcl_7082_unverified
gsm1035337,cvcl_7082_unverified
gsm587228,cvcl_7082_unverified
gsm1588990,cvcl_7082_unverified
gsm960283,cvcl_7082_unverified
gsm1589005,cvcl_7082_unverified
gsm1177902,cvcl_7082_unverified
gsm1044979,cvcl_7082_unverified
gsm1589120,cvcl_7082_unverified
gsm1589750,cvcl_7082_unverified
gsm1589629,cvcl_7082_unverified
gsm1589124,cvcl_7082_unverified
gsm1589751,cvcl_7082_unverified
gsm1589072,cvcl_7082_unverified
gsm1589036,cvcl_7082_unverified
gsm1177877,cvcl_7082_unverified
gsm1589136,cvcl_7082_unverified
gsm320227,cvcl_7082_unverified
gsm1588999,cvcl_7082_unverified
gsm1589128,cvcl_7082_unverified
gsm1589711,cvcl_7082_unverified
gsm1044976,cvcl_7082_unverified
gsm1177882,cvcl_7082_unverified
gsm1589084,cvcl_7082_unverified
gsm1589641,cvcl_7082_unverified
gsm1589058,cvcl_7082_unverified
gsm1589071,cvcl_7082_unverified
gsm1588977,cvcl_7082_unverified
gsm320213,cvcl_7082_unverified
gsm1177898,cvcl_7082_unverified
gsm1589038,cvcl_7082_unverified
gsm1589046,cvcl_7082_unverified
gsm1589045,cvcl_7082_unverified
gsm711715,cvcl_7082_unverified
gsm2322624,cvcl_7082_unverified
gsm1589006,cvcl_7082_unverified
gsm1035323,cvcl_7082_unverified
gsm1589783,cvcl_7082_unverified
gsm1589781,cvcl_7082_unverified
gsm1589769,cvcl_7082_unverified
gsm1177900,cvcl_7082_unverified
gsm1589767,cvcl_7082_unverified
gsm1589721,cvcl_7082_unverified
gsm1589057,cvcl_7082_unverified
gsm1589701,cvcl_7082_unverified
gsm1589662,cvcl_7082_unverified
gsm1589107,cvcl_7082_unverified
gsm1588972,cvcl_7082_unverified
gsm1589083,cvcl_7082_unverified
gsm1589737,cvcl_7082_unverified
gsm587221,cvcl_7082_unverified
gsm1589093,cvcl_7082_unverified
gsm1589086,cvcl_7082_unverified
gsm1589732,cvcl_7082_unverified
gsm1589654,cvcl_7082_unverified
gsm1589627,cvcl_7082_unverified
gsm1589688,cvcl_7082_unverified
gsm1589725,cvcl_7082_unverified
gsm320236,cvcl_7082_unverified
gsm1589625,cvcl_7082_unverified
gsm1035329,cvcl_7082_unverified
gsm320233,cvcl_7082_unverified
gsm1589731,cvcl_7082_unverified
gsm1589066,cvcl_7082_unverified
gsm1177905,cvcl_7082_unverified
gsm1044978,cvcl_7082_unverified
gsm1589088,cvcl_7082_unverified
gsm1589777,cvcl_7082_unverified
gsm320235,cvcl_7082_unverified
gsm1589028,cvcl_7082_unverified
gsm1589068,cvcl_7082_unverified
gsm1177901,cvcl_7082_unverified
gsm1589674,cvcl_7082_unverified
gsm1589754,cvcl_7082_unverified
gsm320231,cvcl_7082_unverified
gsm1589789,cvcl_7082_unverified
gsm1589144,cvcl_7082_unverified
gsm1588984,cvcl_7082_unverified
gsm1589740,cvcl_7082_unverified
gsm1589091,cvcl_7082_unverified
gsm1589048,cvcl_7082_unverified
gsm1589636,cvcl_7082_unverified
gsm1588981,cvcl_7082_unverified
gsm1589644,cvcl_7082_unverified
gsm320229,cvcl_7082_unverified
gsm1177885,cvcl_7082_unverified
gsm1589080,cvcl_7082_unverified
gsm1588994,cvcl_7082_unverified
gsm1589741,cvcl_7082_unverified
gsm1589003,cvcl_7082_unverified
gsm1589655,cvcl_7082_unverified
gsm587223,cvcl_7082_unverified
gsm1589022,cvcl_7082_unverified
gsm206462,cvcl_7082_unverified
gsm711704,cvcl_7082_unverified
gsm1589139,cvcl_7082_unverified
gsm1589659,cvcl_7082_unverified
gsm1589044,cvcl_7082_unverified
gsm1589681,cvcl_7082_unverified
gsm1589696,cvcl_7082_unverified
gsm1035338,cvcl_7082_unverified
gsm1177899,cvcl_7082_unverified
gsm320216,cvcl_7082_unverified
gsm1589012,cvcl_7082_unverified
gsm388886,cvcl_7082_unverified
gsm1589753,cvcl_7082_unverified
gsm1589122,cvcl_7082_unverified
gsm1589786,cvcl_7082_unverified
gsm1589007,cvcl_7082_unverified
gsm1589635,cvcl_7082_unverified
gsm1589648,cvcl_7082_unverified
gsm1177878,cvcl_7082_unverified
gsm1589092,cvcl_7082_unverified
gsm1589094,cvcl_7082_unverified
gsm1589047,cvcl_7082_unverified
gsm1177897,cvcl_7082_unverified
gsm1589643,cvcl_7082_unverified
gsm1589040,cvcl_7082_unverified
gsm1177880,cvcl_7082_unverified
gsm1589718,cvcl_7082_unverified
gsm320234,cvcl_7082_unverified
gsm1588987,cvcl_7082_unverified
gsm320242,cvcl_7082_unverified
gsm960292,cvcl_7082_unverified
gsm388887,cvcl_7082_unverified
gsm1589053,cvcl_7082_unverified
gsm1589025,cvcl_7082_unverified
gsm320217,cvcl_7082_unverified
gsm1589065,cvcl_7082_unverified
gsm320230,cvcl_7082_unverified
gsm1589126,cvcl_7082_unverified
gsm1589755,cvcl_7082_unverified
gsm1035304,cvcl_7082_unverified
gsm1589793,cvcl_7082_unverified
gsm1589727,cvcl_7082_unverified
gsm960289,cvcl_7082_unverified
gsm320224,cvcl_7082_unverified
gsm1044974,cvcl_7082_unverified
gsm1035347,cvcl_7082_unverified
gsm1177894,cvcl_7082_unverified
gsm1589671,cvcl_7082_unverified
gsm388888,cvcl_7082_unverified
gsm1589125,cvcl_7082_unverified
gsm1589661,cvcl_7082_unverified
gsm1589073,cvcl_7082_unverified
gsm1589070,cvcl_7082_unverified
gsm397670,cvcl_7082_unverified
gsm1589778,cvcl_7082_unverified
gsm1588983,cvcl_7082_unverified
gsm711707,cvcl_7082_unverified
gsm1589063,cvcl_7082_unverified
gsm1589779,cvcl_7082_unverified
gsm1589109,cvcl_7082_unverified
gsm960276,cvcl_7082_unverified
gsm1589633,cvcl_7082_unverified
gsm1589782,cvcl_7082_unverified
gsm320220,cvcl_7082_unverified
gsm1177903,cvcl_7082_unverified
gsm1589763,cvcl_7082_unverified
gsm1589649,cvcl_7082_unverified
gsm1589009,cvcl_7082_unverified
gsm1589050,cvcl_7082_unverified
gsm1589095,cvcl_7082_unverified
gsm1589676,cvcl_7082_unverified
gsm1589630,cvcl_7082_unverified
gsm1589628,cvcl_7082_unverified
gsm1589771,cvcl_7082_unverified
gsm1589794,cvcl_7082_unverified
gsm320222,cvcl_7082_unverified
gsm1589145,cvcl_7082_unverified
gsm1589668,cvcl_7082_unverified
gsm320240,cvcl_7082_unverified
gsm960275,cvcl_7082_unverified
gsm1588989,cvcl_7082_unverified
gsm1035325,cvcl_7082_unverified
gsm1589703,cvcl_7082_unverified
gsm1589632,cvcl_7082_unverified
gsm1589710,cvcl_7082_unverified
gsm1589728,cvcl_7082_unverified
gsm1589691,cvcl_7082_unverified
gsm1589758,cvcl_7082_unverified
gsm1177904,cvcl_7082_unverified
gsm1588974,cvcl_7082_unverified
gsm1589761,cvcl_7082_unverified
gsm1589722,cvcl_7082_unverified
gsm1589791,cvcl_7082_unverified
gsm587229,cvcl_7082_unverified
gsm1589621,cvcl_7082_unverified
gsm320232,cvcl_7082_unverified
gsm1589698,cvcl_7082_unverified
gsm1589016,cvcl_7082_unverified
gsm1589079,cvcl_7082_unverified
gsm1589720,cvcl_7082_unverified
gsm1589652,cvcl_7082_unverified
gsm1035318,cvcl_7082_unverified
gsm1589118,cvcl_7082_unverified
gsm1589704,cvcl_7082_unverified
gsm1589759,cvcl_7082_unverified
gsm1589021,cvcl_7082_unverified
gsm1589056,cvcl_7082_unverified
gsm1589135,cvcl_7082_unverified
gsm1589089,cvcl_7082_unverified
gsm1589693,cvcl_7082_unverified
gsm2322615,cvcl_7082_unverified
gsm1589723,cvcl_7082_unverified
gsm1589677,cvcl_7082_unverified
gsm960281,cvcl_7082_unverified
gsm960282,cvcl_7082_unverified
gsm1588991,cvcl_7082_unverified
gsm1177890,cvcl_7082_unverified
gsm1589074,cvcl_7082_unverified
gsm1589653,cvcl_7082_unverified
gsm1589640,cvcl_7082_unverified
gsm711718,cvcl_7082_unverified
gsm1589744,cvcl_7082_unverified
gsm1589002,cvcl_7082_unverified
gsm1589714,cvcl_7082_unverified
gsm1589679,cvcl_7082_unverified
gsm2322621,cvcl_7082_unverified
gsm1588971,cvcl_7082_unverified
gsm711717,cvcl_7082_unverified
gsm1588978,cvcl_7082_unverified
gsm1589748,cvcl_7082_unverified
gsm1589111,cvcl_7082_unverified
gsm1589645,cvcl_7082_unverified
gsm1589020,cvcl_7082_unverified
gsm1589027,cvcl_7082_unverified
gsm1589620,cvcl_7082_unverified
gsm1589675,cvcl_7082_unverified
gsm320214,cvcl_7082_unverified
gsm1589101,cvcl_7082_unverified
gsm1589032,cvcl_7082_unverified
gsm1589127,cvcl_7082_unverified
gsm206459,cvcl_7082_unverified
gsm1589099,cvcl_7082_unverified
gsm1589035,cvcl_7082_unverified
gsm1589042,cvcl_7082_unverified
gsm1589673,cvcl_7082_unverified
gsm1589743,cvcl_7082_unverified
gsm1589039,cvcl_7082_unverified
gsm1589037,cvcl_7082_unverified
gsm1177889,cvcl_7082_unverified
gsm1589665,cvcl_7082_unverified
gsm1588995,cvcl_7082_unverified
gsm1589041,cvcl_7082_unverified
gsm1589018,cvcl_7082_unverified
gsm1589776,cvcl_7082_unverified
gsm1589788,cvcl_7082_unverified
gsm1589060,cvcl_7082_unverified
gsm1589712,cvcl_7082_unverified
gsm1035335,cvcl_7082_unverified
gsm1589666,cvcl_7082_unverified
gsm1589747,cvcl_7082_unverified
gsm1589687,cvcl_7082_unverified
gsm1589052,cvcl_7082_unverified
gsm587225,cvcl_7082_unverified
gsm1589624,cvcl_7082_unverified
gsm1589735,cvcl_7082_unverified
gsm2322616,cvcl_7082_unverified
gsm1589702,cvcl_7082_unverified
gsm1589639,cvcl_7082_unverified
gsm1589112,cvcl_7082_unverified
gsm1589115,cvcl_7082_unverified
gsm1589700,cvcl_7082_unverified
gsm1589683,cvcl_7082_unverified
gsm1044980,cvcl_7082_unverified
gsm1035306,cvcl_7082_unverified
gsm1589773,cvcl_7082_unverified
gsm1589756,cvcl_7082_unverified
gsm1589713,cvcl_7082_unverified
gsm1589708,cvcl_7082_unverified
gsm1177886,cvcl_7082_unverified
gsm1589004,cvcl_7082_unverified
gsm1589031,cvcl_7082_unverified
gsm1589077,cvcl_7082_unverified
gsm711694,cvcl_7082_unverified
gsm1589061,cvcl_7082_unverified
gsm1589130,cvcl_7082_unverified
gsm1589000,cvcl_7082_unverified
gsm1589097,cvcl_7082_unverified
gsm1589034,cvcl_7082_unverified
gsm960285,cvcl_7082_unverified
gsm1589709,cvcl_7082_unverified
gsm1589796,cvcl_7082_unverified
gsm1035332,cvcl_7082_unverified
gsm1589651,cvcl_7082_unverified
gsm1589729,cvcl_7082_unverified
gsm320218,cvcl_7082_unverified
gsm1589011,cvcl_7082_unverified
gsm1589775,cvcl_7082_unverified
gsm1589706,cvcl_7082_unverified
gsm206440,cvcl_7082_unverified
gsm1589685,cvcl_7082_unverified
gsm711727,cvcl_7082_unverified
gsm1588996,cvcl_7082_unverified
gsm1589762,cvcl_7082_unverified
gsm1589631,cvcl_7082_unverified
gsm1589151,cvcl_7082_unverified
gsm1589090,cvcl_7082_unverified
gsm960297,cvcl_7082_unverified
gsm1589692,cvcl_7082_unverified
gsm1589684,cvcl_7082_unverified
gsm1589623,cvcl_7082_unverified
gsm1589029,cvcl_7082_unverified
gsm1589008,cvcl_7082_unverified
gsm1589017,cvcl_7082_unverified
gsm1588973,cvcl_7082_unverified
gsm320237,cvcl_7082_unverified
gsm711701,cvcl_7082_unverified
gsm1589013,cvcl_7082_unverified
gsm1589055,cvcl_7082_unverified
gsm1589062,cvcl_7082_unverified
gsm1589738,cvcl_7082_unverified
gsm1589672,cvcl_7082_unverified
gsm1589733,cvcl_7082_unverified
gsm1589785,cvcl_7082_unverified
gsm587226,cvcl_7082_unverified
gsm206539,cvcl_7082_unverified
gsm1589760,cvcl_7082_unverified
gsm320228,cvcl_7082_unverified
gsm1589716,cvcl_7082_unverified
gsm1589116,cvcl_7082_unverified
gsm1588992,cvcl_7082_unverified
gsm1588979,cvcl_7082_unverified
gsm1589098,cvcl_7082_unverified
gsm1589736,cvcl_7082_unverified
gsm1589030,cvcl_7082_unverified
gsm1589699,cvcl_7082_unverified
gsm1589664,cvcl_7082_unverified
gsm1589768,cvcl_7082_unverified
gsm1589657,cvcl_7082_unverified
gsm1589113,cvcl_7082_unverified
gsm1044975,cvcl_7082_unverified
gsm1589705,cvcl_7082_unverified
gsm1589114,cvcl_7082_unverified
gsm1588988,cvcl_7082_unverified
gsm1589043,cvcl_7082_unverified
gsm1589001,cvcl_7082_unverified
gsm587219,cvcl_7082_unverified
gsm1588980,cvcl_7082_unverified
gsm960290,cvcl_7082_unverified
gsm1177907,cvcl_7082_unverified
gsm1589752,cvcl_7082_unverified
gsm1035319,cvcl_7082_unverified
gsm1589730,cvcl_7082_unverified
gsm1589726,cvcl_7082_unverified
gsm1589787,cvcl_7082_unverified
gsm1589749,cvcl_7082_unverified
gsm320239,cvcl_7082_unverified
gsm1589686,cvcl_7082_unverified
gsm1589663,cvcl_7082_unverified
gsm1589081,cvcl_7082_unverified
gsm1588998,cvcl_7082_unverified
gsm1588993,cvcl_7082_unverified
gsm1589023,cvcl_7082_unverified
gsm1589772,cvcl_7082_unverified
gsm1589638,cvcl_7082_unverified
gsm1589695,cvcl_7082_unverified
gsm1589742,cvcl_7082_unverified
gsm711711,cvcl_7082_unverified
gsm1589626,cvcl_7082_unverified
gsm1589148,cvcl_7082_unverified
gsm1589082,cvcl_7082_unverified
gsm320225,cvcl_7082_unverified
gsm1589103,cvcl_7082_unverified
gsm1589780,cvcl_7082_unverified
gsm1589110,cvcl_7082_unverified
gsm587222,cvcl_7082_unverified
gsm1589067,cvcl_7082_unverified
gsm1589622,cvcl_7082_unverified
gsm1589670,cvcl_7082_unverified
gsm1589015,cvcl_7082_unverified
gsm1589757,cvcl_7082_unverified
gsm1177896,cvcl_7082_unverified
gsm1589790,cvcl_7082_unverified
gsm960293,cvcl_7082_unverified
gsm1589150,cvcl_7082_unverified
gsm1589123,cvcl_7082_unverified
gsm1589064,cvcl_7082_unverified
gsm1589678,cvcl_7082_unverified
gsm1589694,cvcl_7082_unverified
gsm1589014,cvcl_7082_unverified
gsm320241,cvcl_7082_unverified
gsm587218,cvcl_7082_unverified
gsm1589770,cvcl_7082_unverified
gsm320215,cvcl_7082_unverified
gsm397669,cvcl_7082_unverified
gsm1589680,cvcl_7082_unverified
gsm206504,cvcl_7082_unverified
gsm1588975,cvcl_7082_unverified
gsm1589792,cvcl_7082_unverified
gsm1589774,cvcl_7082_unverified
gsm1588985,cvcl_7082_unverified
gsm320238,cvcl_7082_unverified
gsm1589697,cvcl_7082_unverified
gsm1589797,cvcl_7082_unverified
gsm1589024,cvcl_7082_unverified
gsm1589717,cvcl_7082_unverified
gsm1589766,cvcl_7082_unverified
gsm960298,cvcl_7082_unverified
gsm320226,cvcl_7082_unverified
gsm1589105,cvcl_7082_unverified
gsm1177879,cvcl_7082_unverified
gsm1589739,cvcl_7082_unverified
gsm1589795,cvcl_7082_unverified
gsm1589132,cvcl_7082_unverified
gsm587224,cvcl_7082_unverified
gsm1589707,cvcl_7082_unverified
gsm1588997,cvcl_7082_unverified
gsm1589076,cvcl_7082_unverified
gsm1589637,cvcl_7082_unverified
gsm1588970,cvcl_7082_unverified
gsm1589724,cvcl_7082_unverified
gsm1177895,cvcl_7082_unverified
gsm1177888,cvcl_7082_unverified
gsm1589085,cvcl_7082_unverified
gsm1044977,cvcl_7082_unverified
gsm1589142,cvcl_7082_unverified
gsm1177883,cvcl_7082_unverified
gsm1177884,cvcl_7082_unverified
gsm1589121,cvcl_7082_unverified
gsm1589049,cvcl_7082_unverified
gsm1589660,cvcl_7082_unverified
gsm1035348,cvcl_7082_unverified
gsm1589764,cvcl_7082_unverified
gsm587227,cvcl_7082_unverified
gsm1589059,cvcl_7082_unverified
gsm587220,cvcl_7082_unverified
gsm1589647,cvcl_7082_unverified
gsm1588986,cvcl_7082_unverified
gsm1589784,cvcl_7082_unverified
gsm1589087,cvcl_7082_unverified
gsm1589119,cvcl_7082_unverified
gsm1589054,cvcl_7082_unverified
gsm1589715,cvcl_7082_unverified
gsm1589669,cvcl_7082_unverified
gsm1589658,cvcl_7082_unverified
gsm1589690,cvcl_7082_unverified
gsm1589719,cvcl_7082_unverified
gsm1589656,cvcl_7082_unverified
gsm1589765,cvcl_7082_unverified
gsm1589051,cvcl_7082_unverified
gsm1589642,cvcl_7082_unverified
gsm320223,cvcl_7082_unverified
gsm1589075,cvcl_7082_unverified
gsm1589019,cvcl_7082_unverified
gsm1589078,cvcl_7082_unverified
gsm1177887,cvcl_7082_unverified
gsm1589746,cvcl_7082_unverified
gsm1589069,cvcl_7082_unverified
gsm1589667,cvcl_7082_unverified
gsm206466,cvcl_7082_unverified
gsm1588976,cvcl_7082_unverified
gsm1177908,cvcl_7082_unverified
gsm1589117,cvcl_7082_unverified
gsm2322623,cvcl_7082_unverified
