HGNC ID,Approved symbol,Approved name,Locus group,locus_type,Status,Location,location_sortable,Alias symbols,alias_name,Previous symbols,prev_name,gene_group,gene_group_id,date_approved_reserved,date_symbol_changed,date_name_changed,date_modified,entrez_id,Ensembl gene ID,vega_id,ucsc_id,ena,refseq_accession,ccds_id,uniprot_ids,pubmed_id,mgd_id,rgd_id,lsdb,cosmic,omim_id,mirbase,homeodb,snornabase,bioparadigms_slc,orphanet,pseudogene.org,horde_id,merops,imgt,iuphar,kznf_gene_catalog,mamit-trnadb,cd,lncrnadb,enzyme_id,intermediate_filament_db,rna_central_id,lncipedia,gtrnadb,agr,mane_select,gencc
HGNC:27323,FAM153B,family with sequence similarity 153 member B,protein-coding gene,gene with protein product,Approved,5q35.2,,,,,"family with sequence similarity 153, member B",,,2008-01-09,,2015-11-18,2023-03-15,202134,ENSG00000182230,OTTHUMG00000163181,uc010jjy.2,AK055006,NM_001079529,,P0C7A2,,,,,,,,,,,,,,,,,,,,,,,,,,HGNC:27323,,
HGNC:31957,GAGE2B,G antigen 2B,protein-coding gene,gene with protein product,Approved,Xp11.23 not on reference assembly,,,,,,GAGE family,1845,2007-11-07,,,2023-03-15,645037,,,,,NM_001098411,,Q13066,,,,,,300726,,,,,,,,,,,,,,,,,,,,HGNC:31957,,
HGNC:31958,GAGE2C,G antigen 2C,protein-coding gene,gene with protein product,Approved,Xp11.23 not on reference assembly,,,,,,GAGE family,1845,2007-11-07,,,2023-03-15,2574,,,,,NM_001472,,Q13066,,,,,,300595,,,,,,,,,,,,,,,,,,,,HGNC:31958,,
HGNC:31959,GAGE2D,G antigen 2D,protein-coding gene,gene with protein product,Approved,Xp11.23 not on reference assembly,,GAGE8,,,,GAGE family,1845,2007-11-07,,,2023-03-15,729408,,,,,NM_001098407,,Q9UEU5,,,,,,300735,,,,,,,,,,,,,,,,,,,,HGNC:31959,,
HGNC:4101,GAGE4,G antigen 4,protein-coding gene,gene with protein product,Approved,Xp11.4-p11.2 not on reference assembly,,CT4.4,"cancer/testis antigen family 4, member 4",,,GAGE family,1845,1995-05-10,,,2023-03-15,2576,,,,U19145,NM_001474,,P0DSO3,7544395,,,,,300597,,,,,,,,,,,,,,,,,,,,,,
HGNC:4102,GAGE5,G antigen 5,protein-coding gene,gene with protein product,Approved,Xp11.4-p11.2 not on reference assembly,,CT4.5,"cancer/testis antigen family 4, member 5",,,GAGE family,1845,1995-05-10,,,2019-06-20,2577,,,,U19146,NM_001475,,Q13069,7544395,,,,,300598,,,,,,,,,,,,,,,,,,,,,,
HGNC:4103,GAGE6,G antigen 6,protein-coding gene,gene with protein product,Approved,Xp11.4-p11.2 not on reference assembly,,CT4.6,"cancer/testis antigen family 4, member 6",,,GAGE family,1845,1995-05-10,,,2019-06-20,2578,,,,U19147,NM_001476,,Q13070,7544395,,,,,300599,,,,,,,,,,,,,,,,,,,,,,
HGNC:4104,GAGE7,G antigen 7,protein-coding gene,gene with protein product,Approved,Xp11.4-p11.2 not on reference assembly,,GAGE-7|CT4.7,"cancer/testis antigen family 4, member 7",,,GAGE family,1845,1998-08-10,,,2019-06-20,2579,,,,AF058988,NM_021123,,O76087,9651357,,,,,300601,,,,,,,,,,,,,,,,,,,,,,
HGNC:4106,GAGE8,G antigen 8,protein-coding gene,gene with protein product,Approved,Xp11 not on reference assembly,,CT4.8,"cancer/testis antigen family 4, member 8",,,GAGE family,1845,1999-12-14,,,2023-03-15,100101629,,,,AF055473,NM_012196,,Q9UEU5,10397259,,,,,300638,,,,,,,,,,,,,,,,,,,,,,
HGNC:4105,GAGE12I,G antigen 12I,protein-coding gene,gene with protein product,Approved,Xp11.23 not on reference assembly,,OTTHUMG00000067390,,GAGE7B,G antigen 7B,GAGE family,1845,1999-12-14,2007-07-23,2007-07-23,2015-01-09,26748,,,,AF055474,,,P0CL82,10397259|23029259,,,,,300637,,,,,,,,,,,,,,,,,,,,HGNC:4105,,
HGNC:49416,GOLGA6L19,golgin A6 family like 19,protein-coding gene,gene with protein product,Approved,15q25.2 not on current reference,,,,,,Golgin related,1856,2013-11-05,,2019-02-18,2025-10-24,101927601,,,,,,,H0YKK7,,,,,,,,,,,,,,,,,,,,,,,,,,,,
HGNC:5477,IGH,immunoglobulin heavy locus,protein-coding gene,gene with protein product,Approved,14q32.33,,,,IGHDY1|IGH@,,Immunoglobulin heavy locus at 14q32.33,349,1989-06-30,2013-03-05,,2013-03-05,3492,,,,,NG_001019,,,,,,,,146910|147010|147070,,,,,201163.0,,,,,,,,,,,,,,,HGNC:5477,,
HGNC:5715,IGK,immunoglobulin kappa locus,protein-coding gene,gene with protein product,Approved,2p11.2,,,,IGK@,,Immunoglobulin kappa locus at 2p11.2,351,2000-04-18,2013-03-05,,2013-03-05,50802,,,,,NG_000833,,,,,,,,,,,,,,,,,,,,,,,,,,,,HGNC:5715,,
HGNC:5853,IGL,immunoglobulin lambda locus,protein-coding gene,gene with protein product,Approved,22q11.2,,,,IGL@,,Immunoglobulin lambda locus at 22q11.2,353,1991-09-12,2013-03-05,,2013-03-05,3535,,,,,NG_000002,,,3923432|6795508,,,,,,,,,,,,,,,,,,,,,,,,,HGNC:5853,,
HGNC:17837,MSL3B,MSL complex subunit 3B,protein-coding gene,gene with protein product,Approved,2q37.1,,,,MSL3L2|MSL3P1,male-specific lethal 3-like 2 (Drosophila)|male-specific lethal 3 homolog (Drosophila) pseudogene 1|MSL complex subunit 3 pseudogene 1,,,2002-01-29,2023-11-23,2023-11-23,2023-11-23,151507,ENSG00000224287,OTTHUMG00000059126,,BI831020,NM_001425333,,P0C860,,MGI:1920640,RGD:1308699,,,,,,,,,PGOHUM00000240561,,,,,,,,,,,,,,HGNC:17837,ENST00000438684.2|NM_001425333.1,
HGNC:13384,MUC3B,"mucin 3B, cell surface associated",protein-coding gene,gene with protein product,Approved,7q22 not on reference assembly,,,,,mucin 3B,Mucins,648,2000-09-27,,2006-03-14,2023-09-04,57876,,,,AJ291390,XM_047444977,,Q9H195,10973822|36256656,MGI:3588263,,,,605633,,,,,,,,S71.002,,,,,,,,,,,,,,
HGNC:7519,MUC8,mucin 8,protein-coding gene,gene with protein product,Approved,12q24.33,,,,,"mucin 8, tracheobronchial",Mucins,648,1995-05-15,,2006-03-14,2020-04-20,100129528,,,,U14383,XM_047429967,,,8002930|9070607,,,,,601932,,,,,,,,,,,,,,,,,,,,HGNC:7519,,
HGNC:27849,PAXX,PAXX non-homologous end joining factor,protein-coding gene,gene with protein product,Approved,9q34.3,,XLS,paralog of XRCC4 and XLF|XRCC4-like small protein,C9orf142,chromosome 9 open reading frame 142,,,2006-01-31,2017-06-09,2019-01-21,2023-01-20,286257,ENSG00000148362,OTTHUMG00000020971,uc004cki.3,BC002613,NM_183241,CCDS7020,Q9BUH6,25574025|25941166,MGI:2442831,RGD:1306215,,,616315,,,,,,,,,,,,,,,,,,,,HGNC:27849,ENST00000371620.4|NM_183241.3,
HGNC:8662,PCDHA@,"protocadherin alpha cluster, complex locus",protein-coding gene,gene with protein product,Approved,5q31,,CNR1,,CNRS1,protocadherin alpha cluster,Clustered protocadherins,20,1999-11-26,,2010-11-26,2016-10-24,56117,,,,,NG_000016,,,10662547|10380929,,,,,604966,,,,,,,,,,,,,,,,,,,,HGNC:8662,,
HGNC:8679,PCDHB@,protocadherin beta cluster,protein-coding gene,gene with protein product,Approved,5q31,,PCDH3,,,,Clustered protocadherins,20,2000-06-28,,,2015-01-20,56116,,,,,NG_000017,,,10380929,,,,,604967,,,,,,,,,,,,,,,,,,,,HGNC:8679,,
HGNC:8695,PCDHG@,protocadherin gamma cluster,protein-coding gene,gene with protein product,Approved,5q31,,PCDH2|PCDH4,,,,Clustered protocadherins,20,2000-06-28,,,2024-01-15,56115,,,,,NG_000012,,,10380929,,,,,604968,,,,,,,,,,,,,,,,,,,,HGNC:8695,,
HGNC:19400,PGBD3,piggyBac transposable element derived 3,protein-coding gene,gene with protein product,Approved,10q11,,FLJ90201,,,,PiggyBac transposable element derived family,3470,2002-10-23,,,2023-03-15,267004,,OTTHUMG00000018193,uc057tet.1,AK074682,NM_170753,,Q8N328,,,,,,,,,,,,,,,,,,,,,,,,,,HGNC:19400,,
HGNC:942,BAGE,B melanoma antigen,protein-coding gene,gene with protein product,Approved,21p11.1 not on reference assembly,,CT2.1|BAGE1,"cancer/testis antigen family 2, member 1",,,BAGE family,1848,1995-03-30,,,2017-11-23,574,,,,U19180,NM_001187,,Q13072,7895173,,,,,605167,,,,,,,,,,,,,,,,,,,,,,
HGNC:15728,BAGE3,BAGE family member 3,protein-coding gene,gene with protein product,Approved,21p11.2 not on reference assembly,,CT2.3,"cancer/testis antigen family 2, member 3",,"B melanoma antigen family, member 3",BAGE family,1848,2001-06-01,,2017-02-24,2017-02-24,85318,,,,AF339514,NM_182481,,Q86Y29,12461691,,,,,617777,,,,,,,,,,,,,,,,,,,,,,
HGNC:15730,BAGE4,BAGE family member 4,protein-coding gene,gene with protein product,Approved,21p11.1 not on reference assembly,,CT2.4,"cancer/testis antigen family 2, member 4",MLL3P,"MLL3 pseudogene|B melanoma antigen family, member 4",BAGE family,1848,2001-06-01,,2017-02-24,2017-02-24,85317,,,,AF339515,NM_181704,,Q86Y28,12676563,,,,,,,,,,,,,,,,,,,,,,,,,,,
HGNC:14024,PRY,PTPN13 like Y-linked,protein-coding gene,gene with protein product,Approved,Yq11.223,,PTPN13LY|PRY1,,,"PTPN13-like, Y-linked",Proteins encoded by multiple genes,2293,2001-09-21,,2018-04-30,2023-01-20,9081,ENSG00000169789,OTTHUMG00000043845,uc004fvh.1,AF000988,NM_004676,CCDS14799,O14603,9381176,,,,,400019,,,,,,,,,,,,,,,,,,,,HGNC:14024,,
HGNC:21504,PRY2,PTPN13 like Y-linked 2,protein-coding gene,gene with protein product,Approved,Yq11.223,,PTPN13LY2,,,"PTPN13-like, Y-linked 2",Proteins encoded by multiple genes,2293,2004-08-25,,2018-04-30,2023-01-20,442862,ENSG00000169807,OTTHUMG00000043586,uc004fuy.1,,NM_001002758,CCDS35482,O14603,15177557,,,,,400041,,,,,,,,,,,,,,,,,,,,HGNC:21504,,
HGNC:9914,RBMY1C,RNA binding motif protein Y-linked family 1 member C,protein-coding gene,gene with protein product,Approved,Yq11.23 not on reference assembly,,,,,"RNA binding motif protein, Y chromosome, family 1, member C|RNA binding motif protein, Y-linked, family 1, member C",RNA binding motif containing,725,1998-06-04,,2019-07-30,2019-07-30,5942,,,,,,,P0DJD4,9598316,MGI:104732|MGI:3708825|MGI:3710530|MGI:3781554|MGI:3782239|MGI:5435032|MGI:5435048|MGI:5435059|MGI:5435063,,,,,,,,,,,,,,,,,,,,,,,,,,
HGNC:56851,SCPPPQ1,secretory calcium-binding phosphoprotein proline-glutamine rich 1,protein-coding gene,gene with protein product,Approved,4q22.1,,,,,,,,2023-06-16,,,2023-06-16,105377321,,,,,NM_001405228,,A0A411D538,19255778|25193156,MGI:4937294,RGD:2323137,,,621324,,,,,,,,,,,,,,,,,,,,,ENST00000715253.1|NM_001405228.1,
HGNC:38749,SDIM1,stress responsive DNAJB4 interacting membrane protein 1,protein-coding gene,gene with protein product,Approved,6q27,,,,,,,,2011-01-31,,,2018-11-22,100505705,,,,AK129633,,,Q6ZPB5,21255413,,,,,,,,,,,,,,,,,,,,,,,,,,,
HGNC:28776,SMIM2,small integral membrane protein 2,protein-coding gene,gene with protein product,Approved,13q14.11,,MGC5590,,C13orf44,chromosome 13 open reading frame 44,,,2011-08-15,2012-07-11,2012-07-11,2023-01-20,79024,ENSG00000139656,OTTHUMG00000016831,uc001uzh.3,BC000868,NR_197392,CCDS61320,Q9BVW6,12477932,,,,,,,,,,,,,,,,,,,,,,,,,HGNC:28776,,
HGNC:28693,C10orf126,chromosome 10 open reading frame 126,protein-coding gene,gene with protein product,Approved,10p12.1,,MGC45541|bA492M23.1,,,,,,2004-04-28,,,2023-03-15,283080,,OTTHUMG00000017878,uc031wat.2,BC033839,NM_001278522,,Q8N4M7,12477932,,,,,,,,,,,,,,,,,,,,,,,,,HGNC:28693,,
HGNC:19114,TAS2R33,taste 2 receptor member 33,protein-coding gene,gene with protein product,Approved,12 not on reference assembly,,T2R33,,,"taste receptor, type 2, member 33",Taste 2 receptors,1162,2002-09-26,,2015-12-16,2019-06-28,266665,,,,AX097751,,,P0DSN6,,MGI:2681256,,,,,,,,,,,,,,,,,,,,,,,,,,
HGNC:19115,TAS2R36,taste 2 receptor member 36,protein-coding gene,gene with protein product,Approved,12 not on reference assembly,,T2R36,,,"taste receptor, type 2, member 36",Taste 2 receptors,1162,2002-09-26,,2015-12-16,2019-06-28,266666,,,,AX097755,,,P0DTE0,,MGI:2681256,,,,,,,,,,,,,,,,,,,,,,,,,,
HGNC:12027,TRA,T cell receptor alpha locus,protein-coding gene,gene with protein product,Approved,14q11.2,,,,TCRA|TRA@,"TCRA, TRA@",T cell receptor alpha locus at 14q11.2,371,1986-01-01,2013-03-05,2017-12-06,2017-12-06,6955,,,,,NG_001332,,P0DSE1|P0DTU3,3875152|3875483,MGI:4439838,,,,,,,,,330881.0,,,,,,,,,,,,,,,HGNC:12027,,
HGNC:12155,TRB,T cell receptor beta locus,protein-coding gene,gene with protein product,Approved,7q34,,,"T-cell antigen receptor, beta polypeptide, T-cell receptor, beta cluster",TCRB|TRB@,"TCRB, TRB@",T cell receptor beta locus at 7q34,372,1986-01-01,2013-03-05,2017-12-06,2017-12-06,6957,,,,U66059,NG_001333,,P0DSE2|P0DTU4,3983641,MGI:4439726|MGI:4835227,,,,,,,,,330810.0,,,,,,,,,,,,,,,HGNC:12155,,
HGNC:12252,TRD,T cell receptor delta locus,protein-coding gene,gene with protein product,Approved,14q11.2,,TCRDV1,,TCRD|TRD@,"TCRD, TRD@",T cell receptor delta locus at 14q11.2,374,1988-07-04,2013-03-05,2017-12-06,2017-12-06,6964,,,,M21624,NG_001332,,,2456576|2439914,,,,,,,,,,330897.0,,,,,,,,,,,,,,,HGNC:12252,,
HGNC:12271,TRG,T cell receptor gamma locus,protein-coding gene,gene with protein product,Approved,7p14,,,"T-cell antigen receptor, gamma polypeptide|T-cell receptor, gamma cluster|T-cell rearranging gene, gamma",TCRG|TRG@,"TCRG, TRG@",T cell receptor gamma locus at 7p14,375,1986-01-01,2013-03-05,2017-12-06,2017-12-06,6965,,,,,NG_001336,,,2526744|3102973,,,,,,,,,,330902.0,,,,,,,,,,,,,,,HGNC:12271,,
HGNC:12529,UGT1A,UDP glucuronosyltransferase family 1 member A complex locus,protein-coding gene,gene with protein product,Approved,2q37,,UGT,,UGT1A@,"UDP glycosyltransferase 1 family, polypeptide A cluster|UDP glucuronosyltransferase 1 family, polypeptide A cluster|UDP glucuronosyltransferase 1 family, polypeptide A complex locus",UDP glucuronosyltransferases,363,1997-09-05,2010-03-05,2016-03-01,2016-03-01,7361,,,,,NG_002601,,,,,,,,,,,,,,,,,,,,,,,,,,,,HGNC:12529,,
HGNC:24462,CLECL1,C-type lectin like 1,protein-coding gene,gene with protein product,Approved,12p13.31,,DCAL1,dendritic cell associated lectin 1,CLECL1P,"C-type lectin like 1, pseudogene|C-type lectin-like 1",,,2007-06-21,2025-07-15,2025-07-15,2026-04-29,160365,ENSG00000184293,OTTHUMG00000168459,uc001qwj.4,AF518873,NM_001441810,,Q8IZS7,12421943,,,,,607467,,,,,,,,,,,,,,,,,,,,HGNC:24462,ENST00000973278.1|NM_001441815.1,
HGNC:37112,DDX11L13,DEAD/H-box helicase 11 like 13,protein-coding gene,gene with protein product,Approved,20p13 not on reference assembly,,,,,DEAD/H-box helicase 11 like 13|DEAD/H-box helicase 11 like 13 (pseudogene)|DEAD/H (Asp-Glu-Ala-Asp/His) box helicase 11 like 13|DEAD/H (Asp-Glu-Ala-Asp/His) box polypeptide 11 like 13,,,2010-04-08,,2024-10-18,2024-10-18,138304584,,,,,,,,19476624,,,,,,,,,,,,,,,,,,,,,,,,,,,
HGNC:3079,DUX1,double homeobox 1,protein-coding gene,gene with protein product,Approved,not on reference assembly,,,,,"double homeobox, 1",,,1999-12-01,,2010-07-20,2019-07-17,26584,,,,AJ001481,NM_012146,,O43812,9736770|11245978,,,,,611441,,,,,,,,,,,,,,,,,,,,,,
HGNC:3081,DUX3,double homeobox 3,protein-coding gene,gene with protein product,Approved,not on reference assembly,,,,,,,,1999-12-01,,2010-07-20,2019-07-17,26582,,,,AF133130,NM_012148,,Q96PT4,11245978,,,,,611443,,,,,,,,,,,,,,,,,,,,,,
HGNC:3083,DUX5,double homeobox 5,protein-coding gene,gene with protein product,Approved,not on reference assembly,,,,,,,,1999-12-01,,2010-07-20,2019-07-17,26581,,,,AF133131,NM_012149,,Q96PT3,11245978,,,,,611444,,,,,,,,,,,,,,,,,,,,,,
