method,cluster,n_lines,top_tissue,top_tissue_frac,cross_tissue,nearly_pure,breakdown_json
HC_avg_k24,1,28,liver,0.4642857142857143,True,False,"{""liver"": 0.4643, ""bile_duct"": 0.3929, ""gastric"": 0.0714, ""lung"": 0.0357, ""pancreas"": 0.0357}"
HC_avg_k24,2,2,thyroid,1.0,False,True,"{""thyroid"": 1.0}"
HC_avg_k24,3,59,kidney,0.6779661016949152,False,False,"{""kidney"": 0.678, ""ovary"": 0.1525, ""urinary_tract"": 0.0508, ""uterus"": 0.0508, ""soft_tissue"": 0.0339, ""liver"": 0.0169, ""lung"": 0.0169}"
HC_avg_k24,4,2,lung,1.0,False,True,"{""lung"": 1.0}"
HC_avg_k24,5,21,lung,0.6666666666666666,False,False,"{""lung"": 0.6667, ""cervix"": 0.1905, ""bile_duct"": 0.0476, ""gastric"": 0.0476, ""uterus"": 0.0476}"
HC_avg_k24,6,28,lung,0.42857142857142855,True,False,"{""lung"": 0.4286, ""pancreas"": 0.25, ""bile_duct"": 0.1786, ""esophagus"": 0.0357, ""gastric"": 0.0357, ""thyroid"": 0.0357, ""ovary"": 0.0357}"
HC_avg_k24,7,9,breast,1.0,False,True,"{""breast"": 1.0}"
HC_avg_k24,8,56,ovary,0.5714285714285714,False,False,"{""ovary"": 0.5714, ""uterus"": 0.3929, ""breast"": 0.0179, ""liver"": 0.0179}"
HC_avg_k24,9,443,colorectal,0.17381489841986456,True,False,"{""colorectal"": 0.1738, ""lung"": 0.1648, ""upper_aerodigestive"": 0.14, ""breast"": 0.1106, ""pancreas"": 0.0926, ""gastric"": 0.0655, ""esophagus"": 0.0609, ""urinary_tract"": 0.0542, ""bile_duct"": 0.0519, ""cervix"": 0.0271, ""prostate"": 0.0226, ""ovary"": 0.0158, ""skin"": 0.0113, ""central_nervous_system"": 0.0023, ""thyroid"": 0.0023, ""uterus"": 0.0023, ""epidermoid_carcinoma"": 0.0023}"
HC_avg_k24,10,5,colorectal,0.4,True,False,"{""colorectal"": 0.4, ""prostate"": 0.4, ""gastric"": 0.2}"
HC_avg_k24,11,5,esophagus,0.4,True,False,"{""esophagus"": 0.4, ""gastric"": 0.2, ""urinary_tract"": 0.2, ""upper_aerodigestive"": 0.2}"
HC_avg_k24,12,1,central_nervous_system,1.0,False,True,"{""central_nervous_system"": 1.0}"
HC_avg_k24,13,259,blood,0.444015444015444,True,False,"{""blood"": 0.444, ""lymphocyte"": 0.4363, ""plasma_cell"": 0.1158, ""lung"": 0.0039}"
HC_avg_k24,14,121,skin,0.8099173553719008,False,False,"{""skin"": 0.8099, ""eye"": 0.0992, ""central_nervous_system"": 0.0413, ""soft_tissue"": 0.0165, ""peripheral_nervous_system"": 0.0165, ""bile_duct"": 0.0083, ""unknown"": 0.0083}"
HC_avg_k24,15,323,central_nervous_system,0.2476780185758514,True,False,"{""central_nervous_system"": 0.2477, ""lung"": 0.1238, ""soft_tissue"": 0.1207, ""fibroblast"": 0.1176, ""bone"": 0.0588, ""thyroid"": 0.0402, ""skin"": 0.0372, ""peripheral_nervous_system"": 0.0341, ""unknown"": 0.0248, ""breast"": 0.0248, ""eye"": 0.0248, ""liver"": 0.0217, ""uterus"": 0.0155, ""ovary"": 0.0155, ""upper_aerodigestive"": 0.0155, ""urinary_tract"": 0.0155, ""muscle"": 0.0155, ""gastric"": 0.0124, ""bile_duct"": 0.0093, ""kidney"": 0.0062, ""hair"": 0.0062, ""pleura"": 0.0031, ""embryo"": 0.0031, ""colorectal"": 0.0031, ""pancreas"": 0.0031}"
HC_avg_k24,16,12,lung,0.5,False,False,"{""lung"": 0.5, ""thyroid"": 0.4167, ""ovary"": 0.0833}"
HC_avg_k24,17,22,lung,0.22727272727272727,True,False,"{""lung"": 0.2273, ""urinary_tract"": 0.1818, ""ovary"": 0.1364, ""uterus"": 0.0909, ""bone"": 0.0909, ""central_nervous_system"": 0.0455, ""cervix"": 0.0455, ""thyroid"": 0.0455, ""breast"": 0.0455, ""pancreas"": 0.0455, ""upper_aerodigestive"": 0.0455}"
HC_avg_k24,18,3,colorectal,0.3333333333333333,True,False,"{""colorectal"": 0.3333, ""lung"": 0.3333, ""bile_duct"": 0.3333}"
HC_avg_k24,19,44,soft_tissue,0.5909090909090909,False,False,"{""soft_tissue"": 0.5909, ""bone"": 0.1818, ""skin"": 0.0682, ""liver"": 0.0455, ""gastric"": 0.0227, ""kidney"": 0.0227, ""peripheral_nervous_system"": 0.0227, ""testis"": 0.0227, ""central_nervous_system"": 0.0227}"
HC_avg_k24,20,17,testis,0.35294117647058826,True,False,"{""testis"": 0.3529, ""embryo"": 0.1765, ""uterus"": 0.1765, ""blood"": 0.0588, ""gastric"": 0.0588, ""liver"": 0.0588, ""colorectal"": 0.0588, ""ovary"": 0.0588}"
HC_avg_k24,21,148,lung,0.4594594594594595,True,False,"{""lung"": 0.4595, ""peripheral_nervous_system"": 0.2027, ""bone"": 0.1622, ""central_nervous_system"": 0.0338, ""upper_aerodigestive"": 0.0203, ""colorectal"": 0.0203, ""gastric"": 0.0203, ""eye"": 0.0135, ""uterus"": 0.0135, ""ovary"": 0.0068, ""thyroid"": 0.0068, ""adrenal_cortex"": 0.0068, ""breast"": 0.0068, ""cervix"": 0.0068, ""prostate"": 0.0068, ""pancreas"": 0.0068, ""skin"": 0.0068}"
HC_avg_k24,22,6,pancreas,0.3333333333333333,True,False,"{""pancreas"": 0.3333, ""gastric"": 0.1667, ""lung"": 0.1667, ""soft_tissue"": 0.1667, ""esophagus"": 0.1667}"
HC_avg_k24,23,58,soft_tissue,0.3448275862068966,True,False,"{""soft_tissue"": 0.3448, ""lung"": 0.1897, ""ovary"": 0.1207, ""uterus"": 0.069, ""kidney"": 0.069, ""bile_duct"": 0.0345, ""central_nervous_system"": 0.0345, ""esophagus"": 0.0172, ""gastric"": 0.0172, ""pancreas"": 0.0172, ""breast"": 0.0172, ""bone"": 0.0172, ""liver"": 0.0172, ""adrenal_cortex"": 0.0172, ""cervix"": 0.0172}"
HC_avg_k24,24,1,gastric,1.0,False,True,"{""gastric"": 1.0}"
HC_avg_k29,1,28,liver,0.4642857142857143,True,False,"{""liver"": 0.4643, ""bile_duct"": 0.3929, ""gastric"": 0.0714, ""lung"": 0.0357, ""pancreas"": 0.0357}"
HC_avg_k29,2,2,thyroid,1.0,False,True,"{""thyroid"": 1.0}"
HC_avg_k29,3,59,kidney,0.6779661016949152,False,False,"{""kidney"": 0.678, ""ovary"": 0.1525, ""urinary_tract"": 0.0508, ""uterus"": 0.0508, ""soft_tissue"": 0.0339, ""liver"": 0.0169, ""lung"": 0.0169}"
HC_avg_k29,4,2,lung,1.0,False,True,"{""lung"": 1.0}"
HC_avg_k29,5,21,lung,0.6666666666666666,False,False,"{""lung"": 0.6667, ""cervix"": 0.1905, ""bile_duct"": 0.0476, ""gastric"": 0.0476, ""uterus"": 0.0476}"
HC_avg_k29,6,28,lung,0.42857142857142855,True,False,"{""lung"": 0.4286, ""pancreas"": 0.25, ""bile_duct"": 0.1786, ""esophagus"": 0.0357, ""gastric"": 0.0357, ""thyroid"": 0.0357, ""ovary"": 0.0357}"
HC_avg_k29,7,9,breast,1.0,False,True,"{""breast"": 1.0}"
HC_avg_k29,8,56,ovary,0.5714285714285714,False,False,"{""ovary"": 0.5714, ""uterus"": 0.3929, ""breast"": 0.0179, ""liver"": 0.0179}"
HC_avg_k29,9,443,colorectal,0.17381489841986456,True,False,"{""colorectal"": 0.1738, ""lung"": 0.1648, ""upper_aerodigestive"": 0.14, ""breast"": 0.1106, ""pancreas"": 0.0926, ""gastric"": 0.0655, ""esophagus"": 0.0609, ""urinary_tract"": 0.0542, ""bile_duct"": 0.0519, ""cervix"": 0.0271, ""prostate"": 0.0226, ""ovary"": 0.0158, ""skin"": 0.0113, ""central_nervous_system"": 0.0023, ""thyroid"": 0.0023, ""uterus"": 0.0023, ""epidermoid_carcinoma"": 0.0023}"
HC_avg_k29,10,3,colorectal,0.6666666666666666,False,False,"{""colorectal"": 0.6667, ""gastric"": 0.3333}"
HC_avg_k29,11,2,prostate,1.0,False,True,"{""prostate"": 1.0}"
HC_avg_k29,12,5,esophagus,0.4,True,False,"{""esophagus"": 0.4, ""gastric"": 0.2, ""urinary_tract"": 0.2, ""upper_aerodigestive"": 0.2}"
HC_avg_k29,13,1,central_nervous_system,1.0,False,True,"{""central_nervous_system"": 1.0}"
HC_avg_k29,14,259,blood,0.444015444015444,True,False,"{""blood"": 0.444, ""lymphocyte"": 0.4363, ""plasma_cell"": 0.1158, ""lung"": 0.0039}"
HC_avg_k29,15,120,skin,0.8083333333333333,False,False,"{""skin"": 0.8083, ""eye"": 0.1, ""central_nervous_system"": 0.0417, ""soft_tissue"": 0.0167, ""peripheral_nervous_system"": 0.0167, ""bile_duct"": 0.0083, ""unknown"": 0.0083}"
HC_avg_k29,16,1,skin,1.0,False,True,"{""skin"": 1.0}"
HC_avg_k29,17,3,lung,0.3333333333333333,True,False,"{""lung"": 0.3333, ""liver"": 0.3333, ""breast"": 0.3333}"
HC_avg_k29,18,320,central_nervous_system,0.25,True,False,"{""central_nervous_system"": 0.25, ""soft_tissue"": 0.1219, ""lung"": 0.1219, ""fibroblast"": 0.1187, ""bone"": 0.0594, ""thyroid"": 0.0406, ""skin"": 0.0375, ""peripheral_nervous_system"": 0.0344, ""unknown"": 0.025, ""eye"": 0.025, ""breast"": 0.0219, ""liver"": 0.0187, ""uterus"": 0.0156, ""ovary"": 0.0156, ""upper_aerodigestive"": 0.0156, ""urinary_tract"": 0.0156, ""muscle"": 0.0156, ""gastric"": 0.0125, ""bile_duct"": 0.0094, ""kidney"": 0.0063, ""hair"": 0.0063, ""pleura"": 0.0031, ""embryo"": 0.0031, ""colorectal"": 0.0031, ""pancreas"": 0.0031}"
HC_avg_k29,19,12,lung,0.5,False,False,"{""lung"": 0.5, ""thyroid"": 0.4167, ""ovary"": 0.0833}"
HC_avg_k29,20,22,lung,0.22727272727272727,True,False,"{""lung"": 0.2273, ""urinary_tract"": 0.1818, ""ovary"": 0.1364, ""uterus"": 0.0909, ""bone"": 0.0909, ""central_nervous_system"": 0.0455, ""cervix"": 0.0455, ""thyroid"": 0.0455, ""breast"": 0.0455, ""pancreas"": 0.0455, ""upper_aerodigestive"": 0.0455}"
HC_avg_k29,21,3,colorectal,0.3333333333333333,True,False,"{""colorectal"": 0.3333, ""lung"": 0.3333, ""bile_duct"": 0.3333}"
HC_avg_k29,22,44,soft_tissue,0.5909090909090909,False,False,"{""soft_tissue"": 0.5909, ""bone"": 0.1818, ""skin"": 0.0682, ""liver"": 0.0455, ""gastric"": 0.0227, ""kidney"": 0.0227, ""peripheral_nervous_system"": 0.0227, ""testis"": 0.0227, ""central_nervous_system"": 0.0227}"
HC_avg_k29,23,17,testis,0.35294117647058826,True,False,"{""testis"": 0.3529, ""embryo"": 0.1765, ""uterus"": 0.1765, ""blood"": 0.0588, ""gastric"": 0.0588, ""liver"": 0.0588, ""colorectal"": 0.0588, ""ovary"": 0.0588}"
HC_avg_k29,24,148,lung,0.4594594594594595,True,False,"{""lung"": 0.4595, ""peripheral_nervous_system"": 0.2027, ""bone"": 0.1622, ""central_nervous_system"": 0.0338, ""upper_aerodigestive"": 0.0203, ""colorectal"": 0.0203, ""gastric"": 0.0203, ""eye"": 0.0135, ""uterus"": 0.0135, ""ovary"": 0.0068, ""thyroid"": 0.0068, ""adrenal_cortex"": 0.0068, ""breast"": 0.0068, ""cervix"": 0.0068, ""prostate"": 0.0068, ""pancreas"": 0.0068, ""skin"": 0.0068}"
HC_avg_k29,25,5,pancreas,0.4,True,False,"{""pancreas"": 0.4, ""gastric"": 0.2, ""lung"": 0.2, ""esophagus"": 0.2}"
HC_avg_k29,26,1,soft_tissue,1.0,False,True,"{""soft_tissue"": 1.0}"
HC_avg_k29,27,3,soft_tissue,0.6666666666666666,False,False,"{""soft_tissue"": 0.6667, ""ovary"": 0.3333}"
HC_avg_k29,28,55,soft_tissue,0.32727272727272727,True,False,"{""soft_tissue"": 0.3273, ""lung"": 0.2, ""ovary"": 0.1091, ""uterus"": 0.0727, ""kidney"": 0.0727, ""bile_duct"": 0.0364, ""central_nervous_system"": 0.0364, ""esophagus"": 0.0182, ""gastric"": 0.0182, ""pancreas"": 0.0182, ""breast"": 0.0182, ""bone"": 0.0182, ""liver"": 0.0182, ""adrenal_cortex"": 0.0182, ""cervix"": 0.0182}"
HC_avg_k29,29,1,gastric,1.0,False,True,"{""gastric"": 1.0}"
HC_avg_k34,1,28,liver,0.4642857142857143,True,False,"{""liver"": 0.4643, ""bile_duct"": 0.3929, ""gastric"": 0.0714, ""lung"": 0.0357, ""pancreas"": 0.0357}"
HC_avg_k34,2,2,thyroid,1.0,False,True,"{""thyroid"": 1.0}"
HC_avg_k34,3,59,kidney,0.6779661016949152,False,False,"{""kidney"": 0.678, ""ovary"": 0.1525, ""urinary_tract"": 0.0508, ""uterus"": 0.0508, ""soft_tissue"": 0.0339, ""liver"": 0.0169, ""lung"": 0.0169}"
HC_avg_k34,4,2,lung,1.0,False,True,"{""lung"": 1.0}"
HC_avg_k34,5,21,lung,0.6666666666666666,False,False,"{""lung"": 0.6667, ""cervix"": 0.1905, ""bile_duct"": 0.0476, ""gastric"": 0.0476, ""uterus"": 0.0476}"
HC_avg_k34,6,16,pancreas,0.4375,True,False,"{""pancreas"": 0.4375, ""bile_duct"": 0.25, ""lung"": 0.125, ""esophagus"": 0.0625, ""gastric"": 0.0625, ""ovary"": 0.0625}"
HC_avg_k34,7,12,lung,0.8333333333333334,False,False,"{""lung"": 0.8333, ""bile_duct"": 0.0833, ""thyroid"": 0.0833}"
HC_avg_k34,8,9,breast,1.0,False,True,"{""breast"": 1.0}"
HC_avg_k34,9,56,ovary,0.5714285714285714,False,False,"{""ovary"": 0.5714, ""uterus"": 0.3929, ""breast"": 0.0179, ""liver"": 0.0179}"
HC_avg_k34,10,443,colorectal,0.17381489841986456,True,False,"{""colorectal"": 0.1738, ""lung"": 0.1648, ""upper_aerodigestive"": 0.14, ""breast"": 0.1106, ""pancreas"": 0.0926, ""gastric"": 0.0655, ""esophagus"": 0.0609, ""urinary_tract"": 0.0542, ""bile_duct"": 0.0519, ""cervix"": 0.0271, ""prostate"": 0.0226, ""ovary"": 0.0158, ""skin"": 0.0113, ""central_nervous_system"": 0.0023, ""thyroid"": 0.0023, ""uterus"": 0.0023, ""epidermoid_carcinoma"": 0.0023}"
HC_avg_k34,11,3,colorectal,0.6666666666666666,False,False,"{""colorectal"": 0.6667, ""gastric"": 0.3333}"
HC_avg_k34,12,2,prostate,1.0,False,True,"{""prostate"": 1.0}"
HC_avg_k34,13,5,esophagus,0.4,True,False,"{""esophagus"": 0.4, ""gastric"": 0.2, ""urinary_tract"": 0.2, ""upper_aerodigestive"": 0.2}"
HC_avg_k34,14,1,central_nervous_system,1.0,False,True,"{""central_nervous_system"": 1.0}"
HC_avg_k34,15,259,blood,0.444015444015444,True,False,"{""blood"": 0.444, ""lymphocyte"": 0.4363, ""plasma_cell"": 0.1158, ""lung"": 0.0039}"
HC_avg_k34,16,120,skin,0.8083333333333333,False,False,"{""skin"": 0.8083, ""eye"": 0.1, ""central_nervous_system"": 0.0417, ""soft_tissue"": 0.0167, ""peripheral_nervous_system"": 0.0167, ""bile_duct"": 0.0083, ""unknown"": 0.0083}"
HC_avg_k34,17,1,skin,1.0,False,True,"{""skin"": 1.0}"
HC_avg_k34,18,3,lung,0.3333333333333333,True,False,"{""lung"": 0.3333, ""liver"": 0.3333, ""breast"": 0.3333}"
HC_avg_k34,19,6,soft_tissue,1.0,False,True,"{""soft_tissue"": 1.0}"
HC_avg_k34,20,314,central_nervous_system,0.25477707006369427,True,False,"{""central_nervous_system"": 0.2548, ""lung"": 0.1242, ""fibroblast"": 0.121, ""soft_tissue"": 0.1051, ""bone"": 0.0605, ""thyroid"": 0.0414, ""skin"": 0.0382, ""peripheral_nervous_system"": 0.035, ""unknown"": 0.0255, ""eye"": 0.0255, ""breast"": 0.0223, ""liver"": 0.0191, ""uterus"": 0.0159, ""ovary"": 0.0159, ""upper_aerodigestive"": 0.0159, ""urinary_tract"": 0.0159, ""muscle"": 0.0159, ""gastric"": 0.0127, ""bile_duct"": 0.0096, ""kidney"": 0.0064, ""hair"": 0.0064, ""pleura"": 0.0032, ""embryo"": 0.0032, ""colorectal"": 0.0032, ""pancreas"": 0.0032}"
HC_avg_k34,21,12,lung,0.5,False,False,"{""lung"": 0.5, ""thyroid"": 0.4167, ""ovary"": 0.0833}"
HC_avg_k34,22,6,uterus,0.3333333333333333,True,False,"{""uterus"": 0.3333, ""ovary"": 0.3333, ""lung"": 0.1667, ""cervix"": 0.1667}"
HC_avg_k34,23,16,lung,0.25,True,False,"{""lung"": 0.25, ""urinary_tract"": 0.25, ""bone"": 0.125, ""central_nervous_system"": 0.0625, ""ovary"": 0.0625, ""thyroid"": 0.0625, ""breast"": 0.0625, ""pancreas"": 0.0625, ""upper_aerodigestive"": 0.0625}"
HC_avg_k34,24,3,colorectal,0.3333333333333333,True,False,"{""colorectal"": 0.3333, ""lung"": 0.3333, ""bile_duct"": 0.3333}"
HC_avg_k34,25,44,soft_tissue,0.5909090909090909,False,False,"{""soft_tissue"": 0.5909, ""bone"": 0.1818, ""skin"": 0.0682, ""liver"": 0.0455, ""gastric"": 0.0227, ""kidney"": 0.0227, ""peripheral_nervous_system"": 0.0227, ""testis"": 0.0227, ""central_nervous_system"": 0.0227}"
HC_avg_k34,26,17,testis,0.35294117647058826,True,False,"{""testis"": 0.3529, ""embryo"": 0.1765, ""uterus"": 0.1765, ""blood"": 0.0588, ""gastric"": 0.0588, ""liver"": 0.0588, ""colorectal"": 0.0588, ""ovary"": 0.0588}"
HC_avg_k34,27,4,upper_aerodigestive,0.5,False,False,"{""upper_aerodigestive"": 0.5, ""lung"": 0.5}"
HC_avg_k34,28,144,lung,0.4583333333333333,True,False,"{""lung"": 0.4583, ""peripheral_nervous_system"": 0.2083, ""bone"": 0.1667, ""central_nervous_system"": 0.0347, ""colorectal"": 0.0208, ""gastric"": 0.0208, ""eye"": 0.0139, ""uterus"": 0.0139, ""ovary"": 0.0069, ""thyroid"": 0.0069, ""adrenal_cortex"": 0.0069, ""breast"": 0.0069, ""upper_aerodigestive"": 0.0069, ""cervix"": 0.0069, ""prostate"": 0.0069, ""pancreas"": 0.0069, ""skin"": 0.0069}"
HC_avg_k34,29,5,pancreas,0.4,True,False,"{""pancreas"": 0.4, ""gastric"": 0.2, ""lung"": 0.2, ""esophagus"": 0.2}"
HC_avg_k34,30,1,soft_tissue,1.0,False,True,"{""soft_tissue"": 1.0}"
HC_avg_k34,31,3,soft_tissue,0.6666666666666666,False,False,"{""soft_tissue"": 0.6667, ""ovary"": 0.3333}"
HC_avg_k34,32,3,esophagus,0.3333333333333333,True,False,"{""esophagus"": 0.3333, ""kidney"": 0.3333, ""breast"": 0.3333}"
HC_avg_k34,33,52,soft_tissue,0.34615384615384615,True,False,"{""soft_tissue"": 0.3462, ""lung"": 0.2115, ""ovary"": 0.1154, ""uterus"": 0.0769, ""kidney"": 0.0577, ""bile_duct"": 0.0385, ""central_nervous_system"": 0.0385, ""gastric"": 0.0192, ""pancreas"": 0.0192, ""bone"": 0.0192, ""liver"": 0.0192, ""adrenal_cortex"": 0.0192, ""cervix"": 0.0192}"
HC_avg_k34,34,1,gastric,1.0,False,True,"{""gastric"": 1.0}"
HC_avg_k39,1,28,liver,0.4642857142857143,True,False,"{""liver"": 0.4643, ""bile_duct"": 0.3929, ""gastric"": 0.0714, ""lung"": 0.0357, ""pancreas"": 0.0357}"
HC_avg_k39,2,2,thyroid,1.0,False,True,"{""thyroid"": 1.0}"
HC_avg_k39,3,59,kidney,0.6779661016949152,False,False,"{""kidney"": 0.678, ""ovary"": 0.1525, ""urinary_tract"": 0.0508, ""uterus"": 0.0508, ""soft_tissue"": 0.0339, ""liver"": 0.0169, ""lung"": 0.0169}"
HC_avg_k39,4,2,lung,1.0,False,True,"{""lung"": 1.0}"
HC_avg_k39,5,21,lung,0.6666666666666666,False,False,"{""lung"": 0.6667, ""cervix"": 0.1905, ""bile_duct"": 0.0476, ""gastric"": 0.0476, ""uterus"": 0.0476}"
HC_avg_k39,6,16,pancreas,0.4375,True,False,"{""pancreas"": 0.4375, ""bile_duct"": 0.25, ""lung"": 0.125, ""esophagus"": 0.0625, ""gastric"": 0.0625, ""ovary"": 0.0625}"
HC_avg_k39,7,12,lung,0.8333333333333334,False,False,"{""lung"": 0.8333, ""bile_duct"": 0.0833, ""thyroid"": 0.0833}"
HC_avg_k39,8,9,breast,1.0,False,True,"{""breast"": 1.0}"
HC_avg_k39,9,56,ovary,0.5714285714285714,False,False,"{""ovary"": 0.5714, ""uterus"": 0.3929, ""breast"": 0.0179, ""liver"": 0.0179}"
HC_avg_k39,10,442,colorectal,0.17420814479638008,True,False,"{""colorectal"": 0.1742, ""lung"": 0.1652, ""upper_aerodigestive"": 0.1403, ""breast"": 0.1109, ""pancreas"": 0.0928, ""gastric"": 0.0656, ""esophagus"": 0.0611, ""bile_duct"": 0.052, ""urinary_tract"": 0.052, ""cervix"": 0.0271, ""prostate"": 0.0226, ""ovary"": 0.0158, ""skin"": 0.0113, ""central_nervous_system"": 0.0023, ""thyroid"": 0.0023, ""uterus"": 0.0023, ""epidermoid_carcinoma"": 0.0023}"
HC_avg_k39,11,1,urinary_tract,1.0,False,True,"{""urinary_tract"": 1.0}"
HC_avg_k39,12,3,colorectal,0.6666666666666666,False,False,"{""colorectal"": 0.6667, ""gastric"": 0.3333}"
HC_avg_k39,13,2,prostate,1.0,False,True,"{""prostate"": 1.0}"
HC_avg_k39,14,3,esophagus,0.6666666666666666,False,False,"{""esophagus"": 0.6667, ""urinary_tract"": 0.3333}"
HC_avg_k39,15,2,gastric,0.5,False,False,"{""gastric"": 0.5, ""upper_aerodigestive"": 0.5}"
HC_avg_k39,16,1,central_nervous_system,1.0,False,True,"{""central_nervous_system"": 1.0}"
HC_avg_k39,17,259,blood,0.444015444015444,True,False,"{""blood"": 0.444, ""lymphocyte"": 0.4363, ""plasma_cell"": 0.1158, ""lung"": 0.0039}"
HC_avg_k39,18,120,skin,0.8083333333333333,False,False,"{""skin"": 0.8083, ""eye"": 0.1, ""central_nervous_system"": 0.0417, ""soft_tissue"": 0.0167, ""peripheral_nervous_system"": 0.0167, ""bile_duct"": 0.0083, ""unknown"": 0.0083}"
HC_avg_k39,19,1,skin,1.0,False,True,"{""skin"": 1.0}"
HC_avg_k39,20,3,lung,0.3333333333333333,True,False,"{""lung"": 0.3333, ""liver"": 0.3333, ""breast"": 0.3333}"
HC_avg_k39,21,6,soft_tissue,1.0,False,True,"{""soft_tissue"": 1.0}"
HC_avg_k39,22,17,lung,0.6470588235294118,False,False,"{""lung"": 0.6471, ""gastric"": 0.1176, ""ovary"": 0.0588, ""breast"": 0.0588, ""central_nervous_system"": 0.0588, ""liver"": 0.0588}"
HC_avg_k39,23,297,central_nervous_system,0.265993265993266,True,False,"{""central_nervous_system"": 0.266, ""fibroblast"": 0.1279, ""soft_tissue"": 0.1111, ""lung"": 0.0943, ""bone"": 0.064, ""thyroid"": 0.0438, ""skin"": 0.0404, ""peripheral_nervous_system"": 0.037, ""unknown"": 0.0269, ""eye"": 0.0269, ""breast"": 0.0202, ""uterus"": 0.0168, ""upper_aerodigestive"": 0.0168, ""urinary_tract"": 0.0168, ""muscle"": 0.0168, ""liver"": 0.0168, ""ovary"": 0.0135, ""bile_duct"": 0.0101, ""kidney"": 0.0067, ""gastric"": 0.0067, ""hair"": 0.0067, ""pleura"": 0.0034, ""embryo"": 0.0034, ""colorectal"": 0.0034, ""pancreas"": 0.0034}"
HC_avg_k39,24,12,lung,0.5,False,False,"{""lung"": 0.5, ""thyroid"": 0.4167, ""ovary"": 0.0833}"
HC_avg_k39,25,6,uterus,0.3333333333333333,True,False,"{""uterus"": 0.3333, ""ovary"": 0.3333, ""lung"": 0.1667, ""cervix"": 0.1667}"
HC_avg_k39,26,16,lung,0.25,True,False,"{""lung"": 0.25, ""urinary_tract"": 0.25, ""bone"": 0.125, ""central_nervous_system"": 0.0625, ""ovary"": 0.0625, ""thyroid"": 0.0625, ""breast"": 0.0625, ""pancreas"": 0.0625, ""upper_aerodigestive"": 0.0625}"
HC_avg_k39,27,3,colorectal,0.3333333333333333,True,False,"{""colorectal"": 0.3333, ""lung"": 0.3333, ""bile_duct"": 0.3333}"
HC_avg_k39,28,43,soft_tissue,0.6046511627906976,False,False,"{""soft_tissue"": 0.6047, ""bone"": 0.1628, ""skin"": 0.0698, ""liver"": 0.0465, ""gastric"": 0.0233, ""kidney"": 0.0233, ""peripheral_nervous_system"": 0.0233, ""testis"": 0.0233, ""central_nervous_system"": 0.0233}"
HC_avg_k39,29,1,bone,1.0,False,True,"{""bone"": 1.0}"
HC_avg_k39,30,17,testis,0.35294117647058826,True,False,"{""testis"": 0.3529, ""embryo"": 0.1765, ""uterus"": 0.1765, ""blood"": 0.0588, ""gastric"": 0.0588, ""liver"": 0.0588, ""colorectal"": 0.0588, ""ovary"": 0.0588}"
HC_avg_k39,31,4,upper_aerodigestive,0.5,False,False,"{""upper_aerodigestive"": 0.5, ""lung"": 0.5}"
HC_avg_k39,32,8,lung,0.25,True,False,"{""lung"": 0.25, ""gastric"": 0.25, ""ovary"": 0.125, ""breast"": 0.125, ""upper_aerodigestive"": 0.125, ""colorectal"": 0.125}"
HC_avg_k39,33,136,lung,0.47058823529411764,True,False,"{""lung"": 0.4706, ""peripheral_nervous_system"": 0.2206, ""bone"": 0.1765, ""central_nervous_system"": 0.0368, ""eye"": 0.0147, ""colorectal"": 0.0147, ""uterus"": 0.0147, ""thyroid"": 0.0074, ""adrenal_cortex"": 0.0074, ""cervix"": 0.0074, ""gastric"": 0.0074, ""prostate"": 0.0074, ""pancreas"": 0.0074, ""skin"": 0.0074}"
HC_avg_k39,34,5,pancreas,0.4,True,False,"{""pancreas"": 0.4, ""gastric"": 0.2, ""lung"": 0.2, ""esophagus"": 0.2}"
HC_avg_k39,35,1,soft_tissue,1.0,False,True,"{""soft_tissue"": 1.0}"
HC_avg_k39,36,3,soft_tissue,0.6666666666666666,False,False,"{""soft_tissue"": 0.6667, ""ovary"": 0.3333}"
HC_avg_k39,37,3,esophagus,0.3333333333333333,True,False,"{""esophagus"": 0.3333, ""kidney"": 0.3333, ""breast"": 0.3333}"
HC_avg_k39,38,52,soft_tissue,0.34615384615384615,True,False,"{""soft_tissue"": 0.3462, ""lung"": 0.2115, ""ovary"": 0.1154, ""uterus"": 0.0769, ""kidney"": 0.0577, ""bile_duct"": 0.0385, ""central_nervous_system"": 0.0385, ""gastric"": 0.0192, ""pancreas"": 0.0192, ""bone"": 0.0192, ""liver"": 0.0192, ""adrenal_cortex"": 0.0192, ""cervix"": 0.0192}"
HC_avg_k39,39,1,gastric,1.0,False,True,"{""gastric"": 1.0}"
HC_avg_k44,1,11,liver,0.7272727272727273,False,False,"{""liver"": 0.7273, ""gastric"": 0.1818, ""bile_duct"": 0.0909}"
HC_avg_k44,2,17,bile_duct,0.5882352941176471,False,False,"{""bile_duct"": 0.5882, ""liver"": 0.2941, ""lung"": 0.0588, ""pancreas"": 0.0588}"
HC_avg_k44,3,2,thyroid,1.0,False,True,"{""thyroid"": 1.0}"
HC_avg_k44,4,59,kidney,0.6779661016949152,False,False,"{""kidney"": 0.678, ""ovary"": 0.1525, ""urinary_tract"": 0.0508, ""uterus"": 0.0508, ""soft_tissue"": 0.0339, ""liver"": 0.0169, ""lung"": 0.0169}"
HC_avg_k44,5,2,lung,1.0,False,True,"{""lung"": 1.0}"
HC_avg_k44,6,21,lung,0.6666666666666666,False,False,"{""lung"": 0.6667, ""cervix"": 0.1905, ""bile_duct"": 0.0476, ""gastric"": 0.0476, ""uterus"": 0.0476}"
HC_avg_k44,7,16,pancreas,0.4375,True,False,"{""pancreas"": 0.4375, ""bile_duct"": 0.25, ""lung"": 0.125, ""esophagus"": 0.0625, ""gastric"": 0.0625, ""ovary"": 0.0625}"
HC_avg_k44,8,12,lung,0.8333333333333334,False,False,"{""lung"": 0.8333, ""bile_duct"": 0.0833, ""thyroid"": 0.0833}"
HC_avg_k44,9,9,breast,1.0,False,True,"{""breast"": 1.0}"
HC_avg_k44,10,56,ovary,0.5714285714285714,False,False,"{""ovary"": 0.5714, ""uterus"": 0.3929, ""breast"": 0.0179, ""liver"": 0.0179}"
HC_avg_k44,11,196,upper_aerodigestive,0.3163265306122449,True,False,"{""upper_aerodigestive"": 0.3163, ""lung"": 0.1173, ""urinary_tract"": 0.1122, ""esophagus"": 0.1071, ""breast"": 0.0867, ""cervix"": 0.0561, ""bile_duct"": 0.0408, ""pancreas"": 0.0408, ""gastric"": 0.0306, ""prostate"": 0.0306, ""skin"": 0.0255, ""ovary"": 0.0102, ""central_nervous_system"": 0.0051, ""colorectal"": 0.0051, ""thyroid"": 0.0051, ""uterus"": 0.0051, ""epidermoid_carcinoma"": 0.0051}"
HC_avg_k44,12,246,colorectal,0.3089430894308943,True,False,"{""colorectal"": 0.3089, ""lung"": 0.2033, ""pancreas"": 0.1341, ""breast"": 0.1301, ""gastric"": 0.0935, ""bile_duct"": 0.061, ""esophagus"": 0.0244, ""ovary"": 0.0203, ""prostate"": 0.0163, ""urinary_tract"": 0.0041, ""cervix"": 0.0041}"
HC_avg_k44,13,1,urinary_tract,1.0,False,True,"{""urinary_tract"": 1.0}"
HC_avg_k44,14,3,colorectal,0.6666666666666666,False,False,"{""colorectal"": 0.6667, ""gastric"": 0.3333}"
HC_avg_k44,15,2,prostate,1.0,False,True,"{""prostate"": 1.0}"
HC_avg_k44,16,3,esophagus,0.6666666666666666,False,False,"{""esophagus"": 0.6667, ""urinary_tract"": 0.3333}"
HC_avg_k44,17,2,gastric,0.5,False,False,"{""gastric"": 0.5, ""upper_aerodigestive"": 0.5}"
HC_avg_k44,18,1,central_nervous_system,1.0,False,True,"{""central_nervous_system"": 1.0}"
HC_avg_k44,19,259,blood,0.444015444015444,True,False,"{""blood"": 0.444, ""lymphocyte"": 0.4363, ""plasma_cell"": 0.1158, ""lung"": 0.0039}"
HC_avg_k44,20,120,skin,0.8083333333333333,False,False,"{""skin"": 0.8083, ""eye"": 0.1, ""central_nervous_system"": 0.0417, ""soft_tissue"": 0.0167, ""peripheral_nervous_system"": 0.0167, ""bile_duct"": 0.0083, ""unknown"": 0.0083}"
HC_avg_k44,21,1,skin,1.0,False,True,"{""skin"": 1.0}"
HC_avg_k44,22,3,lung,0.3333333333333333,True,False,"{""lung"": 0.3333, ""liver"": 0.3333, ""breast"": 0.3333}"
HC_avg_k44,23,6,soft_tissue,1.0,False,True,"{""soft_tissue"": 1.0}"
HC_avg_k44,24,17,lung,0.6470588235294118,False,False,"{""lung"": 0.6471, ""gastric"": 0.1176, ""ovary"": 0.0588, ""breast"": 0.0588, ""central_nervous_system"": 0.0588, ""liver"": 0.0588}"
HC_avg_k44,25,4,breast,0.75,False,False,"{""breast"": 0.75, ""thyroid"": 0.25}"
HC_avg_k44,26,4,central_nervous_system,0.5,False,False,"{""central_nervous_system"": 0.5, ""soft_tissue"": 0.25, ""peripheral_nervous_system"": 0.25}"
HC_avg_k44,27,289,central_nervous_system,0.2664359861591695,True,False,"{""central_nervous_system"": 0.2664, ""fibroblast"": 0.1315, ""soft_tissue"": 0.1107, ""lung"": 0.0969, ""bone"": 0.0657, ""thyroid"": 0.0415, ""skin"": 0.0415, ""peripheral_nervous_system"": 0.0346, ""unknown"": 0.0277, ""eye"": 0.0277, ""uterus"": 0.0173, ""upper_aerodigestive"": 0.0173, ""urinary_tract"": 0.0173, ""muscle"": 0.0173, ""liver"": 0.0173, ""ovary"": 0.0138, ""bile_duct"": 0.0104, ""breast"": 0.0104, ""kidney"": 0.0069, ""gastric"": 0.0069, ""hair"": 0.0069, ""pleura"": 0.0035, ""embryo"": 0.0035, ""colorectal"": 0.0035, ""pancreas"": 0.0035}"
HC_avg_k44,28,12,lung,0.5,False,False,"{""lung"": 0.5, ""thyroid"": 0.4167, ""ovary"": 0.0833}"
HC_avg_k44,29,6,uterus,0.3333333333333333,True,False,"{""uterus"": 0.3333, ""ovary"": 0.3333, ""lung"": 0.1667, ""cervix"": 0.1667}"
HC_avg_k44,30,16,lung,0.25,True,False,"{""lung"": 0.25, ""urinary_tract"": 0.25, ""bone"": 0.125, ""central_nervous_system"": 0.0625, ""ovary"": 0.0625, ""thyroid"": 0.0625, ""breast"": 0.0625, ""pancreas"": 0.0625, ""upper_aerodigestive"": 0.0625}"
HC_avg_k44,31,3,colorectal,0.3333333333333333,True,False,"{""colorectal"": 0.3333, ""lung"": 0.3333, ""bile_duct"": 0.3333}"
HC_avg_k44,32,5,soft_tissue,0.8,False,False,"{""soft_tissue"": 0.8, ""central_nervous_system"": 0.2}"
HC_avg_k44,33,38,soft_tissue,0.5789473684210527,False,False,"{""soft_tissue"": 0.5789, ""bone"": 0.1842, ""skin"": 0.0789, ""liver"": 0.0526, ""gastric"": 0.0263, ""kidney"": 0.0263, ""peripheral_nervous_system"": 0.0263, ""testis"": 0.0263}"
HC_avg_k44,34,1,bone,1.0,False,True,"{""bone"": 1.0}"
HC_avg_k44,35,17,testis,0.35294117647058826,True,False,"{""testis"": 0.3529, ""embryo"": 0.1765, ""uterus"": 0.1765, ""blood"": 0.0588, ""gastric"": 0.0588, ""liver"": 0.0588, ""colorectal"": 0.0588, ""ovary"": 0.0588}"
HC_avg_k44,36,4,upper_aerodigestive,0.5,False,False,"{""upper_aerodigestive"": 0.5, ""lung"": 0.5}"
HC_avg_k44,37,8,lung,0.25,True,False,"{""lung"": 0.25, ""gastric"": 0.25, ""ovary"": 0.125, ""breast"": 0.125, ""upper_aerodigestive"": 0.125, ""colorectal"": 0.125}"
HC_avg_k44,38,136,lung,0.47058823529411764,True,False,"{""lung"": 0.4706, ""peripheral_nervous_system"": 0.2206, ""bone"": 0.1765, ""central_nervous_system"": 0.0368, ""eye"": 0.0147, ""colorectal"": 0.0147, ""uterus"": 0.0147, ""thyroid"": 0.0074, ""adrenal_cortex"": 0.0074, ""cervix"": 0.0074, ""gastric"": 0.0074, ""prostate"": 0.0074, ""pancreas"": 0.0074, ""skin"": 0.0074}"
HC_avg_k44,39,5,pancreas,0.4,True,False,"{""pancreas"": 0.4, ""gastric"": 0.2, ""lung"": 0.2, ""esophagus"": 0.2}"
HC_avg_k44,40,1,soft_tissue,1.0,False,True,"{""soft_tissue"": 1.0}"
HC_avg_k44,41,3,soft_tissue,0.6666666666666666,False,False,"{""soft_tissue"": 0.6667, ""ovary"": 0.3333}"
HC_avg_k44,42,3,esophagus,0.3333333333333333,True,False,"{""esophagus"": 0.3333, ""kidney"": 0.3333, ""breast"": 0.3333}"
HC_avg_k44,43,52,soft_tissue,0.34615384615384615,True,False,"{""soft_tissue"": 0.3462, ""lung"": 0.2115, ""ovary"": 0.1154, ""uterus"": 0.0769, ""kidney"": 0.0577, ""bile_duct"": 0.0385, ""central_nervous_system"": 0.0385, ""gastric"": 0.0192, ""pancreas"": 0.0192, ""bone"": 0.0192, ""liver"": 0.0192, ""adrenal_cortex"": 0.0192, ""cervix"": 0.0192}"
HC_avg_k44,44,1,gastric,1.0,False,True,"{""gastric"": 1.0}"
HC_avg_k51,1,11,liver,0.7272727272727273,False,False,"{""liver"": 0.7273, ""gastric"": 0.1818, ""bile_duct"": 0.0909}"
HC_avg_k51,2,17,bile_duct,0.5882352941176471,False,False,"{""bile_duct"": 0.5882, ""liver"": 0.2941, ""lung"": 0.0588, ""pancreas"": 0.0588}"
HC_avg_k51,3,2,thyroid,1.0,False,True,"{""thyroid"": 1.0}"
HC_avg_k51,4,59,kidney,0.6779661016949152,False,False,"{""kidney"": 0.678, ""ovary"": 0.1525, ""urinary_tract"": 0.0508, ""uterus"": 0.0508, ""soft_tissue"": 0.0339, ""liver"": 0.0169, ""lung"": 0.0169}"
HC_avg_k51,5,2,lung,1.0,False,True,"{""lung"": 1.0}"
HC_avg_k51,6,21,lung,0.6666666666666666,False,False,"{""lung"": 0.6667, ""cervix"": 0.1905, ""bile_duct"": 0.0476, ""gastric"": 0.0476, ""uterus"": 0.0476}"
HC_avg_k51,7,16,pancreas,0.4375,True,False,"{""pancreas"": 0.4375, ""bile_duct"": 0.25, ""lung"": 0.125, ""esophagus"": 0.0625, ""gastric"": 0.0625, ""ovary"": 0.0625}"
HC_avg_k51,8,5,lung,0.8,False,False,"{""lung"": 0.8, ""bile_duct"": 0.2}"
HC_avg_k51,9,7,lung,0.8571428571428571,False,False,"{""lung"": 0.8571, ""thyroid"": 0.1429}"
HC_avg_k51,10,9,breast,1.0,False,True,"{""breast"": 1.0}"
HC_avg_k51,11,28,ovary,0.75,False,False,"{""ovary"": 0.75, ""uterus"": 0.25}"
HC_avg_k51,12,28,uterus,0.5357142857142857,False,False,"{""uterus"": 0.5357, ""ovary"": 0.3929, ""breast"": 0.0357, ""liver"": 0.0357}"
HC_avg_k51,13,196,upper_aerodigestive,0.3163265306122449,True,False,"{""upper_aerodigestive"": 0.3163, ""lung"": 0.1173, ""urinary_tract"": 0.1122, ""esophagus"": 0.1071, ""breast"": 0.0867, ""cervix"": 0.0561, ""bile_duct"": 0.0408, ""pancreas"": 0.0408, ""gastric"": 0.0306, ""prostate"": 0.0306, ""skin"": 0.0255, ""ovary"": 0.0102, ""central_nervous_system"": 0.0051, ""colorectal"": 0.0051, ""thyroid"": 0.0051, ""uterus"": 0.0051, ""epidermoid_carcinoma"": 0.0051}"
HC_avg_k51,14,61,breast,0.5245901639344263,False,False,"{""breast"": 0.5246, ""lung"": 0.2951, ""prostate"": 0.0656, ""bile_duct"": 0.0328, ""gastric"": 0.0328, ""esophagus"": 0.0164, ""cervix"": 0.0164, ""colorectal"": 0.0164}"
HC_avg_k51,15,185,colorectal,0.40540540540540543,True,False,"{""colorectal"": 0.4054, ""pancreas"": 0.1784, ""lung"": 0.173, ""gastric"": 0.1135, ""bile_duct"": 0.0703, ""esophagus"": 0.027, ""ovary"": 0.027, ""urinary_tract"": 0.0054}"
HC_avg_k51,16,1,urinary_tract,1.0,False,True,"{""urinary_tract"": 1.0}"
HC_avg_k51,17,3,colorectal,0.6666666666666666,False,False,"{""colorectal"": 0.6667, ""gastric"": 0.3333}"
HC_avg_k51,18,2,prostate,1.0,False,True,"{""prostate"": 1.0}"
HC_avg_k51,19,3,esophagus,0.6666666666666666,False,False,"{""esophagus"": 0.6667, ""urinary_tract"": 0.3333}"
HC_avg_k51,20,2,gastric,0.5,False,False,"{""gastric"": 0.5, ""upper_aerodigestive"": 0.5}"
HC_avg_k51,21,1,central_nervous_system,1.0,False,True,"{""central_nervous_system"": 1.0}"
HC_avg_k51,22,259,blood,0.444015444015444,True,False,"{""blood"": 0.444, ""lymphocyte"": 0.4363, ""plasma_cell"": 0.1158, ""lung"": 0.0039}"
HC_avg_k51,23,120,skin,0.8083333333333333,False,False,"{""skin"": 0.8083, ""eye"": 0.1, ""central_nervous_system"": 0.0417, ""soft_tissue"": 0.0167, ""peripheral_nervous_system"": 0.0167, ""bile_duct"": 0.0083, ""unknown"": 0.0083}"
HC_avg_k51,24,1,skin,1.0,False,True,"{""skin"": 1.0}"
HC_avg_k51,25,3,lung,0.3333333333333333,True,False,"{""lung"": 0.3333, ""liver"": 0.3333, ""breast"": 0.3333}"
HC_avg_k51,26,6,soft_tissue,1.0,False,True,"{""soft_tissue"": 1.0}"
HC_avg_k51,27,17,lung,0.6470588235294118,False,False,"{""lung"": 0.6471, ""gastric"": 0.1176, ""ovary"": 0.0588, ""breast"": 0.0588, ""central_nervous_system"": 0.0588, ""liver"": 0.0588}"
HC_avg_k51,28,4,breast,0.75,False,False,"{""breast"": 0.75, ""thyroid"": 0.25}"
HC_avg_k51,29,4,central_nervous_system,0.5,False,False,"{""central_nervous_system"": 0.5, ""soft_tissue"": 0.25, ""peripheral_nervous_system"": 0.25}"
HC_avg_k51,30,288,central_nervous_system,0.2638888888888889,True,False,"{""central_nervous_system"": 0.2639, ""fibroblast"": 0.1319, ""soft_tissue"": 0.1111, ""lung"": 0.0972, ""bone"": 0.066, ""thyroid"": 0.0417, ""skin"": 0.0417, ""peripheral_nervous_system"": 0.0347, ""unknown"": 0.0278, ""eye"": 0.0278, ""uterus"": 0.0174, ""upper_aerodigestive"": 0.0174, ""urinary_tract"": 0.0174, ""muscle"": 0.0174, ""liver"": 0.0174, ""ovary"": 0.0139, ""bile_duct"": 0.0104, ""breast"": 0.0104, ""kidney"": 0.0069, ""gastric"": 0.0069, ""hair"": 0.0069, ""pleura"": 0.0035, ""embryo"": 0.0035, ""colorectal"": 0.0035, ""pancreas"": 0.0035}"
HC_avg_k51,31,1,central_nervous_system,1.0,False,True,"{""central_nervous_system"": 1.0}"
HC_avg_k51,32,4,thyroid,0.75,False,False,"{""thyroid"": 0.75, ""ovary"": 0.25}"
HC_avg_k51,33,8,lung,0.75,False,False,"{""lung"": 0.75, ""thyroid"": 0.25}"
HC_avg_k51,34,6,uterus,0.3333333333333333,True,False,"{""uterus"": 0.3333, ""ovary"": 0.3333, ""lung"": 0.1667, ""cervix"": 0.1667}"
HC_avg_k51,35,3,lung,0.6666666666666666,False,False,"{""lung"": 0.6667, ""central_nervous_system"": 0.3333}"
HC_avg_k51,36,13,urinary_tract,0.3076923076923077,True,False,"{""urinary_tract"": 0.3077, ""lung"": 0.1538, ""bone"": 0.1538, ""ovary"": 0.0769, ""thyroid"": 0.0769, ""breast"": 0.0769, ""pancreas"": 0.0769, ""upper_aerodigestive"": 0.0769}"
HC_avg_k51,37,3,colorectal,0.3333333333333333,True,False,"{""colorectal"": 0.3333, ""lung"": 0.3333, ""bile_duct"": 0.3333}"
HC_avg_k51,38,5,soft_tissue,0.8,False,False,"{""soft_tissue"": 0.8, ""central_nervous_system"": 0.2}"
HC_avg_k51,39,38,soft_tissue,0.5789473684210527,False,False,"{""soft_tissue"": 0.5789, ""bone"": 0.1842, ""skin"": 0.0789, ""liver"": 0.0526, ""gastric"": 0.0263, ""kidney"": 0.0263, ""peripheral_nervous_system"": 0.0263, ""testis"": 0.0263}"
HC_avg_k51,40,1,bone,1.0,False,True,"{""bone"": 1.0}"
HC_avg_k51,41,5,uterus,0.6,False,False,"{""uterus"": 0.6, ""liver"": 0.2, ""colorectal"": 0.2}"
HC_avg_k51,42,12,testis,0.5,False,False,"{""testis"": 0.5, ""embryo"": 0.25, ""blood"": 0.0833, ""gastric"": 0.0833, ""ovary"": 0.0833}"
HC_avg_k51,43,4,upper_aerodigestive,0.5,False,False,"{""upper_aerodigestive"": 0.5, ""lung"": 0.5}"
HC_avg_k51,44,8,lung,0.25,True,False,"{""lung"": 0.25, ""gastric"": 0.25, ""ovary"": 0.125, ""breast"": 0.125, ""upper_aerodigestive"": 0.125, ""colorectal"": 0.125}"
HC_avg_k51,45,136,lung,0.47058823529411764,True,False,"{""lung"": 0.4706, ""peripheral_nervous_system"": 0.2206, ""bone"": 0.1765, ""central_nervous_system"": 0.0368, ""eye"": 0.0147, ""colorectal"": 0.0147, ""uterus"": 0.0147, ""thyroid"": 0.0074, ""adrenal_cortex"": 0.0074, ""cervix"": 0.0074, ""gastric"": 0.0074, ""prostate"": 0.0074, ""pancreas"": 0.0074, ""skin"": 0.0074}"
HC_avg_k51,46,5,pancreas,0.4,True,False,"{""pancreas"": 0.4, ""gastric"": 0.2, ""lung"": 0.2, ""esophagus"": 0.2}"
HC_avg_k51,47,1,soft_tissue,1.0,False,True,"{""soft_tissue"": 1.0}"
HC_avg_k51,48,3,soft_tissue,0.6666666666666666,False,False,"{""soft_tissue"": 0.6667, ""ovary"": 0.3333}"
HC_avg_k51,49,3,esophagus,0.3333333333333333,True,False,"{""esophagus"": 0.3333, ""kidney"": 0.3333, ""breast"": 0.3333}"
HC_avg_k51,50,52,soft_tissue,0.34615384615384615,True,False,"{""soft_tissue"": 0.3462, ""lung"": 0.2115, ""ovary"": 0.1154, ""uterus"": 0.0769, ""kidney"": 0.0577, ""bile_duct"": 0.0385, ""central_nervous_system"": 0.0385, ""gastric"": 0.0192, ""pancreas"": 0.0192, ""bone"": 0.0192, ""liver"": 0.0192, ""adrenal_cortex"": 0.0192, ""cervix"": 0.0192}"
HC_avg_k51,51,1,gastric,1.0,False,True,"{""gastric"": 1.0}"
Louvain_k10,0,98,lung,0.7755102040816326,False,False,"{""lung"": 0.7755, ""bile_duct"": 0.0408, ""cervix"": 0.0408, ""colorectal"": 0.0306, ""uterus"": 0.0306, ""gastric"": 0.0204, ""esophagus"": 0.0102, ""breast"": 0.0102, ""prostate"": 0.0102, ""thyroid"": 0.0102, ""ovary"": 0.0102, ""pancreas"": 0.0102}"
Louvain_k10,1,22,soft_tissue,0.8636363636363636,False,False,"{""soft_tissue"": 0.8636, ""kidney"": 0.0455, ""skin"": 0.0455, ""central_nervous_system"": 0.0455}"
Louvain_k10,2,65,blood,1.0,False,True,"{""blood"": 1.0}"
Louvain_k10,3,152,upper_aerodigestive,0.4144736842105263,True,False,"{""upper_aerodigestive"": 0.4145, ""esophagus"": 0.1382, ""lung"": 0.1053, ""cervix"": 0.0724, ""urinary_tract"": 0.0461, ""prostate"": 0.0395, ""breast"": 0.0395, ""bile_duct"": 0.0329, ""skin"": 0.0329, ""gastric"": 0.0197, ""pancreas"": 0.0197, ""uterus"": 0.0197, ""colorectal"": 0.0066, ""thyroid"": 0.0066, ""epidermoid_carcinoma"": 0.0066}"
Louvain_k10,4,76,lung,0.8421052631578947,False,False,"{""lung"": 0.8421, ""gastric"": 0.0395, ""colorectal"": 0.0263, ""ovary"": 0.0132, ""thyroid"": 0.0132, ""upper_aerodigestive"": 0.0132, ""cervix"": 0.0132, ""prostate"": 0.0132, ""pancreas"": 0.0132, ""skin"": 0.0132}"
Louvain_k10,5,44,breast,0.9090909090909091,False,True,"{""breast"": 0.9091, ""prostate"": 0.0909}"
Louvain_k10,6,119,skin,0.8235294117647058,False,False,"{""skin"": 0.8235, ""eye"": 0.1008, ""central_nervous_system"": 0.0336, ""soft_tissue"": 0.0168, ""peripheral_nervous_system"": 0.0168, ""unknown"": 0.0084}"
Louvain_k10,7,31,plasma_cell,0.8387096774193549,False,False,"{""plasma_cell"": 0.8387, ""lymphocyte"": 0.1613}"
Louvain_k10,8,118,colorectal,0.576271186440678,False,False,"{""colorectal"": 0.5763, ""gastric"": 0.1864, ""liver"": 0.0847, ""bile_duct"": 0.0508, ""lung"": 0.0254, ""ovary"": 0.0254, ""pancreas"": 0.0169, ""esophagus"": 0.0169, ""breast"": 0.0085, ""urinary_tract"": 0.0085}"
Louvain_k10,9,61,peripheral_nervous_system,0.5573770491803278,False,False,"{""peripheral_nervous_system"": 0.5574, ""testis"": 0.082, ""central_nervous_system"": 0.082, ""lung"": 0.0656, ""embryo"": 0.0492, ""eye"": 0.0328, ""soft_tissue"": 0.0164, ""upper_aerodigestive"": 0.0164, ""adrenal_cortex"": 0.0164, ""blood"": 0.0164, ""gastric"": 0.0164, ""uterus"": 0.0164, ""colorectal"": 0.0164, ""ovary"": 0.0164}"
Louvain_k10,10,26,blood,0.8461538461538461,False,False,"{""blood"": 0.8462, ""lymphocyte"": 0.1538}"
Louvain_k10,11,360,central_nervous_system,0.23055555555555557,True,False,"{""central_nervous_system"": 0.2306, ""lung"": 0.1167, ""soft_tissue"": 0.1139, ""fibroblast"": 0.1056, ""bone"": 0.0639, ""thyroid"": 0.05, ""skin"": 0.0389, ""liver"": 0.0306, ""ovary"": 0.025, ""urinary_tract"": 0.025, ""unknown"": 0.0222, ""breast"": 0.0222, ""eye"": 0.0222, ""uterus"": 0.0167, ""upper_aerodigestive"": 0.0167, ""peripheral_nervous_system"": 0.0167, ""kidney"": 0.0139, ""bile_duct"": 0.0139, ""muscle"": 0.0139, ""gastric"": 0.0111, ""testis"": 0.0056, ""cervix"": 0.0056, ""hair"": 0.0056, ""pancreas"": 0.0056, ""pleura"": 0.0028, ""embryo"": 0.0028, ""colorectal"": 0.0028}"
Louvain_k10,12,69,lymphocyte,0.5797101449275363,False,False,"{""lymphocyte"": 0.5797, ""blood"": 0.3768, ""plasma_cell"": 0.029, ""lung"": 0.0145}"
Louvain_k10,13,114,ovary,0.35964912280701755,True,False,"{""ovary"": 0.3596, ""kidney"": 0.3246, ""uterus"": 0.2193, ""urinary_tract"": 0.0263, ""liver"": 0.0263, ""thyroid"": 0.0175, ""breast"": 0.0088, ""lung"": 0.0088, ""soft_tissue"": 0.0088}"
Louvain_k10,14,68,lymphocyte,0.9411764705882353,False,True,"{""lymphocyte"": 0.9412, ""plasma_cell"": 0.0294, ""blood"": 0.0294}"
Louvain_k10,15,25,bone,0.96,False,True,"{""bone"": 0.96, ""peripheral_nervous_system"": 0.04}"
Louvain_k10,16,79,soft_tissue,0.3291139240506329,True,False,"{""soft_tissue"": 0.3291, ""lung"": 0.1646, ""bone"": 0.0886, ""ovary"": 0.0759, ""uterus"": 0.0506, ""gastric"": 0.0506, ""kidney"": 0.0506, ""pancreas"": 0.038, ""bile_duct"": 0.0253, ""esophagus"": 0.0253, ""central_nervous_system"": 0.0253, ""peripheral_nervous_system"": 0.0127, ""breast"": 0.0127, ""upper_aerodigestive"": 0.0127, ""liver"": 0.0127, ""adrenal_cortex"": 0.0127, ""cervix"": 0.0127}"
Louvain_k10,17,146,pancreas,0.2945205479452055,True,False,"{""pancreas"": 0.2945, ""bile_duct"": 0.1712, ""urinary_tract"": 0.1164, ""lung"": 0.1096, ""breast"": 0.0822, ""colorectal"": 0.0616, ""gastric"": 0.0548, ""esophagus"": 0.0411, ""ovary"": 0.0342, ""central_nervous_system"": 0.0068, ""thyroid"": 0.0068, ""liver"": 0.0068, ""prostate"": 0.0068, ""uterus"": 0.0068}"
Louvain_k15,0,78,peripheral_nervous_system,0.4230769230769231,True,False,"{""peripheral_nervous_system"": 0.4231, ""soft_tissue"": 0.2179, ""testis"": 0.0641, ""central_nervous_system"": 0.0641, ""lung"": 0.0513, ""embryo"": 0.0385, ""gastric"": 0.0256, ""eye"": 0.0256, ""upper_aerodigestive"": 0.0128, ""adrenal_cortex"": 0.0128, ""blood"": 0.0128, ""uterus"": 0.0128, ""colorectal"": 0.0128, ""ovary"": 0.0128, ""skin"": 0.0128}"
Louvain_k15,1,65,blood,1.0,False,True,"{""blood"": 1.0}"
Louvain_k15,2,187,upper_aerodigestive,0.33689839572192515,True,False,"{""upper_aerodigestive"": 0.3369, ""lung"": 0.1283, ""esophagus"": 0.1176, ""urinary_tract"": 0.1123, ""cervix"": 0.0642, ""breast"": 0.0374, ""bile_duct"": 0.0321, ""uterus"": 0.0321, ""prostate"": 0.0321, ""pancreas"": 0.0267, ""skin"": 0.0267, ""gastric"": 0.0214, ""colorectal"": 0.0107, ""thyroid"": 0.0107, ""epidermoid_carcinoma"": 0.0053, ""ovary"": 0.0053}"
Louvain_k15,3,75,lung,0.84,False,False,"{""lung"": 0.84, ""gastric"": 0.04, ""colorectal"": 0.0267, ""ovary"": 0.0133, ""thyroid"": 0.0133, ""upper_aerodigestive"": 0.0133, ""cervix"": 0.0133, ""prostate"": 0.0133, ""pancreas"": 0.0133, ""skin"": 0.0133}"
Louvain_k15,4,155,lung,0.32903225806451614,True,False,"{""lung"": 0.329, ""pancreas"": 0.2516, ""bile_duct"": 0.1613, ""colorectal"": 0.0581, ""gastric"": 0.0452, ""breast"": 0.0452, ""ovary"": 0.0323, ""esophagus"": 0.0258, ""urinary_tract"": 0.0194, ""prostate"": 0.0129, ""central_nervous_system"": 0.0065, ""uterus"": 0.0065, ""thyroid"": 0.0065}"
Louvain_k15,5,25,bone,0.96,False,True,"{""bone"": 0.96, ""peripheral_nervous_system"": 0.04}"
Louvain_k15,6,77,soft_tissue,0.38961038961038963,True,False,"{""soft_tissue"": 0.3896, ""lung"": 0.1688, ""ovary"": 0.0779, ""uterus"": 0.0519, ""kidney"": 0.0519, ""gastric"": 0.039, ""pancreas"": 0.039, ""central_nervous_system"": 0.039, ""bile_duct"": 0.026, ""esophagus"": 0.026, ""peripheral_nervous_system"": 0.013, ""breast"": 0.013, ""bone"": 0.013, ""upper_aerodigestive"": 0.013, ""liver"": 0.013, ""adrenal_cortex"": 0.013, ""cervix"": 0.013}"
Louvain_k15,7,100,lymphocyte,0.45,True,False,"{""lymphocyte"": 0.45, ""plasma_cell"": 0.28, ""blood"": 0.26, ""lung"": 0.01}"
Louvain_k15,8,368,central_nervous_system,0.22554347826086957,True,False,"{""central_nervous_system"": 0.2255, ""lung"": 0.1223, ""soft_tissue"": 0.1087, ""fibroblast"": 0.1033, ""bone"": 0.0788, ""thyroid"": 0.0489, ""skin"": 0.0353, ""ovary"": 0.0245, ""urinary_tract"": 0.0245, ""liver"": 0.0245, ""unknown"": 0.0217, ""breast"": 0.0217, ""eye"": 0.0217, ""kidney"": 0.019, ""peripheral_nervous_system"": 0.019, ""uterus"": 0.0163, ""upper_aerodigestive"": 0.0163, ""bile_duct"": 0.0136, ""muscle"": 0.0136, ""gastric"": 0.0109, ""testis"": 0.0054, ""cervix"": 0.0054, ""hair"": 0.0054, ""pancreas"": 0.0054, ""pleura"": 0.0027, ""embryo"": 0.0027, ""colorectal"": 0.0027}"
Louvain_k15,9,89,breast,0.5056179775280899,False,False,"{""breast"": 0.5056, ""lung"": 0.3483, ""prostate"": 0.0449, ""bile_duct"": 0.0337, ""cervix"": 0.0337, ""esophagus"": 0.0112, ""gastric"": 0.0112, ""colorectal"": 0.0112}"
Louvain_k15,10,125,colorectal,0.552,False,False,"{""colorectal"": 0.552, ""gastric"": 0.184, ""liver"": 0.088, ""bile_duct"": 0.048, ""pancreas"": 0.04, ""lung"": 0.024, ""esophagus"": 0.024, ""ovary"": 0.024, ""breast"": 0.008, ""urinary_tract"": 0.008}"
Louvain_k15,11,27,blood,0.8148148148148148,False,False,"{""blood"": 0.8148, ""lymphocyte"": 0.1852}"
Louvain_k15,12,115,ovary,0.3565217391304348,True,False,"{""ovary"": 0.3565, ""kidney"": 0.313, ""uterus"": 0.2174, ""liver"": 0.0435, ""urinary_tract"": 0.0261, ""thyroid"": 0.0174, ""breast"": 0.0087, ""lung"": 0.0087, ""soft_tissue"": 0.0087}"
Louvain_k15,13,120,skin,0.825,False,False,"{""skin"": 0.825, ""eye"": 0.1, ""central_nervous_system"": 0.0333, ""soft_tissue"": 0.0167, ""peripheral_nervous_system"": 0.0167, ""unknown"": 0.0083}"
Louvain_k15,14,67,lymphocyte,0.9402985074626866,False,True,"{""lymphocyte"": 0.9403, ""plasma_cell"": 0.0299, ""blood"": 0.0299}"
Louvain_k20,0,87,breast,0.5057471264367817,False,False,"{""breast"": 0.5057, ""lung"": 0.3563, ""prostate"": 0.046, ""cervix"": 0.0345, ""bile_duct"": 0.023, ""esophagus"": 0.0115, ""gastric"": 0.0115, ""colorectal"": 0.0115}"
Louvain_k20,1,140,lung,0.3142857142857143,True,False,"{""lung"": 0.3143, ""pancreas"": 0.2643, ""bile_duct"": 0.1429, ""colorectal"": 0.0643, ""gastric"": 0.05, ""breast"": 0.0429, ""ovary"": 0.0357, ""esophagus"": 0.0214, ""urinary_tract"": 0.0214, ""uterus"": 0.0143, ""prostate"": 0.0143, ""central_nervous_system"": 0.0071, ""thyroid"": 0.0071}"
Louvain_k20,2,72,soft_tissue,0.3888888888888889,True,False,"{""soft_tissue"": 0.3889, ""lung"": 0.1528, ""ovary"": 0.0833, ""uterus"": 0.0556, ""kidney"": 0.0556, ""pancreas"": 0.0417, ""central_nervous_system"": 0.0417, ""bile_duct"": 0.0278, ""esophagus"": 0.0278, ""gastric"": 0.0278, ""peripheral_nervous_system"": 0.0139, ""breast"": 0.0139, ""bone"": 0.0139, ""upper_aerodigestive"": 0.0139, ""liver"": 0.0139, ""adrenal_cortex"": 0.0139, ""cervix"": 0.0139}"
Louvain_k20,3,65,blood,1.0,False,True,"{""blood"": 1.0}"
Louvain_k20,4,188,upper_aerodigestive,0.3351063829787234,True,False,"{""upper_aerodigestive"": 0.3351, ""esophagus"": 0.1223, ""lung"": 0.1117, ""urinary_tract"": 0.1117, ""cervix"": 0.0638, ""breast"": 0.0426, ""bile_duct"": 0.0372, ""pancreas"": 0.0319, ""uterus"": 0.0319, ""prostate"": 0.0319, ""skin"": 0.0266, ""gastric"": 0.0213, ""ovary"": 0.016, ""colorectal"": 0.0053, ""thyroid"": 0.0053, ""epidermoid_carcinoma"": 0.0053}"
Louvain_k20,5,46,blood,0.8695652173913043,False,False,"{""blood"": 0.8696, ""lymphocyte"": 0.1304}"
Louvain_k20,6,77,lung,0.8311688311688312,False,False,"{""lung"": 0.8312, ""gastric"": 0.039, ""colorectal"": 0.026, ""ovary"": 0.013, ""thyroid"": 0.013, ""upper_aerodigestive"": 0.013, ""cervix"": 0.013, ""uterus"": 0.013, ""prostate"": 0.013, ""pancreas"": 0.013, ""skin"": 0.013}"
Louvain_k20,7,149,lymphocyte,0.7181208053691275,False,False,"{""lymphocyte"": 0.7181, ""plasma_cell"": 0.2013, ""blood"": 0.0671, ""lung"": 0.0067, ""soft_tissue"": 0.0067}"
Louvain_k20,8,75,peripheral_nervous_system,0.44,True,False,"{""peripheral_nervous_system"": 0.44, ""soft_tissue"": 0.2, ""testis"": 0.0667, ""central_nervous_system"": 0.0667, ""lung"": 0.0533, ""embryo"": 0.04, ""gastric"": 0.0267, ""eye"": 0.0267, ""upper_aerodigestive"": 0.0133, ""adrenal_cortex"": 0.0133, ""blood"": 0.0133, ""uterus"": 0.0133, ""colorectal"": 0.0133, ""ovary"": 0.0133}"
Louvain_k20,9,120,ovary,0.325,True,False,"{""ovary"": 0.325, ""kidney"": 0.3, ""uterus"": 0.1917, ""liver"": 0.0583, ""bile_duct"": 0.0333, ""lung"": 0.025, ""urinary_tract"": 0.025, ""thyroid"": 0.0167, ""breast"": 0.0083, ""soft_tissue"": 0.0083, ""pancreas"": 0.0083}"
Louvain_k20,10,124,colorectal,0.5645161290322581,False,False,"{""colorectal"": 0.5645, ""gastric"": 0.1855, ""liver"": 0.0726, ""bile_duct"": 0.0484, ""pancreas"": 0.0403, ""lung"": 0.0242, ""esophagus"": 0.0242, ""ovary"": 0.0242, ""breast"": 0.0081, ""urinary_tract"": 0.0081}"
Louvain_k20,11,25,bone,0.96,False,True,"{""bone"": 0.96, ""peripheral_nervous_system"": 0.04}"
Louvain_k20,12,120,skin,0.825,False,False,"{""skin"": 0.825, ""eye"": 0.1, ""central_nervous_system"": 0.0333, ""soft_tissue"": 0.0167, ""peripheral_nervous_system"": 0.0167, ""unknown"": 0.0083}"
Louvain_k20,13,385,central_nervous_system,0.21558441558441557,True,False,"{""central_nervous_system"": 0.2156, ""lung"": 0.1403, ""soft_tissue"": 0.1117, ""fibroblast"": 0.0987, ""bone"": 0.0753, ""thyroid"": 0.0494, ""skin"": 0.0364, ""ovary"": 0.0234, ""urinary_tract"": 0.0234, ""liver"": 0.0234, ""breast"": 0.0234, ""unknown"": 0.0208, ""eye"": 0.0208, ""kidney"": 0.0182, ""peripheral_nervous_system"": 0.0182, ""uterus"": 0.0156, ""bile_duct"": 0.0156, ""upper_aerodigestive"": 0.0156, ""gastric"": 0.013, ""muscle"": 0.013, ""testis"": 0.0052, ""cervix"": 0.0052, ""hair"": 0.0052, ""pancreas"": 0.0052, ""pleura"": 0.0026, ""embryo"": 0.0026, ""colorectal"": 0.0026}"
Louvain_k30,0,178,soft_tissue,0.24157303370786518,True,False,"{""soft_tissue"": 0.2416, ""peripheral_nervous_system"": 0.1966, ""bone"": 0.1461, ""lung"": 0.1067, ""central_nervous_system"": 0.0449, ""ovary"": 0.0393, ""testis"": 0.0337, ""uterus"": 0.0281, ""gastric"": 0.0225, ""kidney"": 0.0225, ""pancreas"": 0.0169, ""embryo"": 0.0169, ""upper_aerodigestive"": 0.0112, ""bile_duct"": 0.0112, ""eye"": 0.0112, ""adrenal_cortex"": 0.0112, ""esophagus"": 0.0112, ""blood"": 0.0056, ""breast"": 0.0056, ""colorectal"": 0.0056, ""liver"": 0.0056, ""cervix"": 0.0056}"
Louvain_k30,1,196,upper_aerodigestive,0.32142857142857145,True,False,"{""upper_aerodigestive"": 0.3214, ""esophagus"": 0.1173, ""urinary_tract"": 0.1122, ""lung"": 0.1071, ""breast"": 0.0765, ""cervix"": 0.0612, ""bile_duct"": 0.0357, ""uterus"": 0.0306, ""prostate"": 0.0306, ""pancreas"": 0.0255, ""skin"": 0.0255, ""gastric"": 0.0204, ""ovary"": 0.0153, ""thyroid"": 0.0102, ""colorectal"": 0.0051, ""epidermoid_carcinoma"": 0.0051}"
Louvain_k30,2,195,lymphocyte,0.5794871794871795,False,False,"{""lymphocyte"": 0.5795, ""blood"": 0.2564, ""plasma_cell"": 0.1538, ""lung"": 0.0051, ""soft_tissue"": 0.0051}"
Louvain_k30,3,169,lung,0.40236686390532544,True,False,"{""lung"": 0.4024, ""pancreas"": 0.2249, ""bile_duct"": 0.142, ""colorectal"": 0.0533, ""gastric"": 0.0533, ""esophagus"": 0.0237, ""ovary"": 0.0237, ""cervix"": 0.0178, ""uterus"": 0.0118, ""breast"": 0.0118, ""urinary_tract"": 0.0118, ""prostate"": 0.0118, ""central_nervous_system"": 0.0059, ""thyroid"": 0.0059}"
Louvain_k30,4,50,breast,0.76,False,False,"{""breast"": 0.76, ""lung"": 0.18, ""prostate"": 0.04, ""colorectal"": 0.02}"
Louvain_k30,5,379,central_nervous_system,0.21899736147757257,True,False,"{""central_nervous_system"": 0.219, ""lung"": 0.1372, ""soft_tissue"": 0.1135, ""fibroblast"": 0.1003, ""bone"": 0.0739, ""thyroid"": 0.0475, ""skin"": 0.0369, ""liver"": 0.0264, ""ovary"": 0.0237, ""urinary_tract"": 0.0237, ""breast"": 0.0237, ""unknown"": 0.0211, ""eye"": 0.0211, ""kidney"": 0.0185, ""peripheral_nervous_system"": 0.0185, ""uterus"": 0.0158, ""upper_aerodigestive"": 0.0158, ""bile_duct"": 0.0132, ""muscle"": 0.0132, ""gastric"": 0.0106, ""cervix"": 0.0053, ""hair"": 0.0053, ""pancreas"": 0.0053, ""pleura"": 0.0026, ""testis"": 0.0026, ""embryo"": 0.0026, ""colorectal"": 0.0026}"
Louvain_k30,6,125,colorectal,0.56,False,False,"{""colorectal"": 0.56, ""gastric"": 0.184, ""liver"": 0.072, ""bile_duct"": 0.048, ""pancreas"": 0.04, ""lung"": 0.032, ""esophagus"": 0.024, ""ovary"": 0.024, ""breast"": 0.008, ""urinary_tract"": 0.008}"
Louvain_k30,7,120,skin,0.825,False,False,"{""skin"": 0.825, ""eye"": 0.1, ""central_nervous_system"": 0.0333, ""soft_tissue"": 0.0167, ""peripheral_nervous_system"": 0.0167, ""unknown"": 0.0083}"
Louvain_k30,8,120,ovary,0.3333333333333333,True,False,"{""ovary"": 0.3333, ""kidney"": 0.3, ""uterus"": 0.1917, ""liver"": 0.05, ""breast"": 0.025, ""urinary_tract"": 0.025, ""bile_duct"": 0.025, ""lung"": 0.0167, ""thyroid"": 0.0167, ""soft_tissue"": 0.0083, ""pancreas"": 0.0083}"
Louvain_k30,9,65,blood,1.0,False,True,"{""blood"": 1.0}"
Louvain_k30,10,76,lung,0.7894736842105263,False,False,"{""lung"": 0.7895, ""gastric"": 0.0395, ""prostate"": 0.0395, ""colorectal"": 0.0263, ""ovary"": 0.0132, ""thyroid"": 0.0132, ""upper_aerodigestive"": 0.0132, ""cervix"": 0.0132, ""uterus"": 0.0132, ""pancreas"": 0.0132, ""skin"": 0.0132, ""breast"": 0.0132}"
